image,scene,class,size,confidence
IMG_0516_JPG_jpg.rf.4e3cbede6e7271c3aaf90c1e711784b4.jpg,59,mallet,small (0.2-1%),0.000
IMG_0796_JPG_jpg.rf.87c53fb83807c9b1135ad54d4a5920c1.jpg,50,bottle,small (0.2-1%),0.000
IMG_0804_JPG_jpg.rf.76e8b72a3fe43ac89615795fd8b54e8c.jpg,50,bottle,tiny (<0.2% of image),0.000
JPEG-image-12_jpeg_jpg.rf.34a7a27a56429e73394256f0ab198be9.jpg,47,bottle,tiny (<0.2% of image),0.000
JPEG-image-12_jpeg_jpg.rf.34a7a27a56429e73394256f0ab198be9.jpg,47,bottle,tiny (<0.2% of image),0.000
JPEG-image-13_jpeg_jpg.rf.a0f05419c76f4dd15fec9cf483610039.jpg,47,bottle,tiny (<0.2% of image),0.000
JPEG-image-13_jpeg_jpg.rf.a0f05419c76f4dd15fec9cf483610039.jpg,47,bottle,tiny (<0.2% of image),0.000
JPEG-image-13_jpeg_jpg.rf.a0f05419c76f4dd15fec9cf483610039.jpg,47,bottle,tiny (<0.2% of image),0.000
JPEG-image-13_jpeg_jpg.rf.a0f05419c76f4dd15fec9cf483610039.jpg,47,bottle,tiny (<0.2% of image),0.000
JPEG-image-250_jpeg_jpg.rf.6dbe29d506bf030e9e0d5fc4aace61cc.jpg,50,mallet,tiny (<0.2% of image),0.000
Untitled-drawing-44_jpg.rf.d3184add65cdc03dfd15c7a5760c8ccb.jpg,13,bottle,tiny (<0.2% of image),0.000
Untitled-drawing-44_jpg.rf.d3184add65cdc03dfd15c7a5760c8ccb.jpg,13,bottle,tiny (<0.2% of image),0.000
c_mallet_1177_JPG_jpg.rf.a5e681117f3e4383428efb8a39e1c480.jpg,64,bottle,tiny (<0.2% of image),0.000
mallet109_jpeg_jpg.rf.d0f3ba08156de03614fe6bc797fd6d44.jpg,41,mallet,tiny (<0.2% of image),0.000
mallet207_jpeg_jpg.rf.52c9938f3bdc969633216818b1094700.jpg,52,mallet,tiny (<0.2% of image),0.000
mallet256_jpeg_jpg.rf.ae9a9eea87ded33f847e5a26e8e5d0cd.jpg,63,bottle,small (0.2-1%),0.000
t_bot_mal578_jpeg_jpg.rf.fb5626696ed2e06f494f68c9e8ce5f6c.jpg,63,bottle,small (0.2-1%),0.000
t_bot_mal581_jpeg_jpg.rf.45604396d6a77c4ac6013e50edc2d54b.jpg,71,bottle,medium (1-5%),0.000
Untitled-drawing-47_jpg.rf.f1b497a70865acc71762316fa2482210.jpg,13,bottle,medium (1-5%),0.014
mallet314_jpeg_jpg.rf.89316ae5fe9b84628848dd230c876402.jpg,63,bottle,tiny (<0.2% of image),0.021
Untitled-drawing-44_jpg.rf.d3184add65cdc03dfd15c7a5760c8ccb.jpg,13,bottle,small (0.2-1%),0.032
IMG_0545_JPG_jpg.rf.6be18c32c1f1076a3689e2b7ffa794cc.jpg,50,bottle,medium (1-5%),0.032
JPEG-image-12_jpeg_jpg.rf.34a7a27a56429e73394256f0ab198be9.jpg,47,bottle,tiny (<0.2% of image),0.036
mallet256_jpeg_jpg.rf.ae9a9eea87ded33f847e5a26e8e5d0cd.jpg,63,bottle,tiny (<0.2% of image),0.090
Untitled-drawing-44_jpg.rf.d3184add65cdc03dfd15c7a5760c8ccb.jpg,13,bottle,medium (1-5%),0.104
Untitled-drawing-13_jpg.rf.090ae0aac6a20ac4186add9157bf3818.jpg,13,bottle,medium (1-5%),0.171
JPEG-image-12_jpeg_jpg.rf.34a7a27a56429e73394256f0ab198be9.jpg,47,bottle,tiny (<0.2% of image),0.201
y2mate_com-The-Worlds-Best-Water-Bottle-Nalgene-Wide-Mouth-32-Oz_1080p_mp4-312_jpg.rf.f8dda89880b6a9b97eb31471163a73ab.jpg,28,bottle,large (>5%),0.219
Untitled-drawing-44_jpg.rf.d3184add65cdc03dfd15c7a5760c8ccb.jpg,13,bottle,small (0.2-1%),0.236
mallet18_png_jpg.rf.a337a8da98af3f55435aa6272fb29292.jpg,80,mallet,large (>5%),0.270
Untitled-drawing-44_jpg.rf.d3184add65cdc03dfd15c7a5760c8ccb.jpg,13,bottle,small (0.2-1%),0.280
mallet895_jpeg_jpg.rf.ab8df855dfc24b31f2a33ce1d144c931.jpg,64,bottle,small (0.2-1%),0.284
mallet543_jpeg_jpg.rf.2a061c979a0c69f31d1eb7ae26a0b53c.jpg,52,mallet,medium (1-5%),0.346
mallet-video-Trim_mp4-14_jpg.rf.8e3bc8f153329cdd7247e5277b62e5aa.jpg,26,mallet,large (>5%),0.383
mallet-video-Trim_mp4-15_jpg.rf.44e8c76f0912902da4f1005835cf6ec2.jpg,26,mallet,large (>5%),0.391
Untitled-drawing-44_jpg.rf.d3184add65cdc03dfd15c7a5760c8ccb.jpg,13,bottle,small (0.2-1%),0.417
JPEG-image-190_jpeg_jpg.rf.61fe9ad6f0881c035ede5dc75cf56651.jpg,50,mallet,tiny (<0.2% of image),0.441
IMG_0164_JPG_jpg.rf.8ad73bfae2e09712dd8e8c8b718e7374.jpg,40,bottle,small (0.2-1%),0.462
mallet941_jpeg_jpg.rf.da0b3419b1dc296b590110943d250233.jpg,52,mallet,tiny (<0.2% of image),0.481
IMG_0513_JPG_jpg.rf.a4e9d43d4a5a7a4eacab22f4cbcae5e7.jpg,50,bottle,small (0.2-1%),0.496
mallet946_jpeg_jpg.rf.1078bdb2595cff53dfc11842cbf99312.jpg,65,mallet,tiny (<0.2% of image),0.504
20231021_172822_jpg.rf.b462e399415872105c9920cb6628ed14.jpg,79,mallet,large (>5%),0.508
IMG_0489_JPG_jpg.rf.6a971475dcd18e8cc06b34c84ddd9847.jpg,67,mallet,small (0.2-1%),0.538
IMG_0805_JPG_jpg.rf.90db8a2871b8624a4e542cbaf3c3ae7d.jpg,70,mallet,small (0.2-1%),0.540
IMG_0615_JPG_jpg.rf.7f1d3e5b5d36b9d909a17bcb5500f7f3.jpg,67,mallet,small (0.2-1%),0.541
IMG_0652_JPG_jpg.rf.9338b9526db1ce9c7ce5a4c5cc3f8212.jpg,67,mallet,small (0.2-1%),0.543
IMG_0556_JPG_jpg.rf.0602a04a40e305442170a918f0605bb9.jpg,67,mallet,small (0.2-1%),0.543
t_bot_mal817_jpeg_jpg.rf.eb2325c3acd63985420418ae94c758ac.jpg,71,mallet,large (>5%),0.544
JPEG-image-13_jpeg_jpg.rf.a0f05419c76f4dd15fec9cf483610039.jpg,47,bottle,tiny (<0.2% of image),0.560
JPEG-image-203_jpeg_jpg.rf.ff232a824dce00f19574ab9b835f6450.jpg,46,bottle,large (>5%),0.575
Untitled-drawing-44_jpg.rf.d3184add65cdc03dfd15c7a5760c8ccb.jpg,13,bottle,small (0.2-1%),0.578
IMG_0598_JPG_jpg.rf.f39bd24f307fbcc76f8ed06a0d08b8ea.jpg,67,mallet,small (0.2-1%),0.580
IMG_0490_JPG_jpg.rf.7f8a85f042616367c00a979ac3cd54de.jpg,67,mallet,small (0.2-1%),0.581
Untitled-drawing-47_jpg.rf.f1b497a70865acc71762316fa2482210.jpg,13,bottle,small (0.2-1%),0.582
mallet505_jpeg_jpg.rf.2fa0c4b853685e9f174f830ed4dfaec1.jpg,63,mallet,small (0.2-1%),0.583
green_nalgene_vid_mp4-151_jpg.rf.35fb3840de2d96dc5ab9cdb40d734797.jpg,29,bottle,medium (1-5%),0.584
IMG_0650_JPG_jpg.rf.4c3ce4f34e33a2225a981a81c740caf3.jpg,68,mallet,medium (1-5%),0.589
IMG_0500_JPG_jpg.rf.073fa66033505ae79dcc4a6a5cac1fe3.jpg,67,mallet,tiny (<0.2% of image),0.595
y2mate_com-The-Worlds-Best-Water-Bottle-Nalgene-Wide-Mouth-32-Oz_1080p_mp4-135_jpg.rf.e421b663663d88313002ab554994ece9.jpg,28,bottle,large (>5%),0.596
IMG_0555_JPG_jpg.rf.18c4d328f441ebac0a3762829fd13c24.jpg,67,mallet,small (0.2-1%),0.598
IMG_0491_JPG_jpg.rf.154469806c3630a4046af037c5dab836.jpg,67,mallet,small (0.2-1%),0.603
c_mallet_502_JPG_jpg.rf.87fd444b302fcffe62a1627a80b7d0bc.jpg,52,bottle,small (0.2-1%),0.609
c_mallet_1099_JPG_jpg.rf.1c92be9b994396eb5e98edbff759cb7b.jpg,64,mallet,small (0.2-1%),0.611
IMG_0514_JPG_jpg.rf.d1127595ddd692355b22ad243559367b.jpg,66,mallet,tiny (<0.2% of image),0.614
IMG_0804_JPG_jpg.rf.76e8b72a3fe43ac89615795fd8b54e8c.jpg,50,mallet,small (0.2-1%),0.617
mallet998_jpeg_jpg.rf.e62779098407475ad7d150e31dddf7be.jpg,65,mallet,tiny (<0.2% of image),0.617
IMG_0793_JPG_jpg.rf.1367b2cbd6bc31470fac2e20c7ca9843.jpg,70,bottle,tiny (<0.2% of image),0.622
IMG_0509_JPG_jpg.rf.ca46c829c42049e4cbb7bc8c37740185.jpg,66,mallet,tiny (<0.2% of image),0.625
c_mallet_510_JPG_jpg.rf.63b64a13398468b6eb9ca42507948385.jpg,52,mallet,small (0.2-1%),0.627
green_nalgene_vid_mp4-127_jpg.rf.7893cb25527b25336b8c4d6cc8572ee4.jpg,54,bottle,small (0.2-1%),0.628
IMG_0572_JPG_jpg.rf.0548bb4f88b37eb426a35da012562f58.jpg,50,mallet,small (0.2-1%),0.628
IMG_0545_JPG_jpg.rf.6be18c32c1f1076a3689e2b7ffa794cc.jpg,50,mallet,small (0.2-1%),0.629
c_mallet_1115_JPG_jpg.rf.8c9f81956ef2fb16171a6919f95583d7.jpg,64,mallet,tiny (<0.2% of image),0.630
IMG_0609_JPG_jpg.rf.ce5caa4083c13a47c357958cf803801f.jpg,67,mallet,small (0.2-1%),0.631
20231021_175109_jpg.rf.d3556b9f11aa710745b029a5a6315f6e.jpg,89,mallet,medium (1-5%),0.631
20231021_174434_jpg.rf.307455d669f855677e5593fa982d6abc.jpg,88,mallet,medium (1-5%),0.631
JPEG-image-12_jpeg_jpg.rf.34a7a27a56429e73394256f0ab198be9.jpg,47,bottle,tiny (<0.2% of image),0.631
c_mallet_1034_JPG_jpg.rf.77af1981e214aa8e774b56520e54acc5.jpg,52,mallet,medium (1-5%),0.632
c_mallet_203_JPG_jpg.rf.be4da726cdfe93c81f1c4fab6c91174f.jpg,70,mallet,medium (1-5%),0.636
IMG_0745_JPG_jpg.rf.3100b5b92606939513ce08def0c9ae72.jpg,50,mallet,small (0.2-1%),0.637
JPEG-image-251_jpeg_jpg.rf.be4c609b597d717e52828cdc66803248.jpg,46,mallet,small (0.2-1%),0.639
green_nalgene_vid_mp4-198_jpg.rf.2b9830fc07c65d21b5a5551472e54521.jpg,29,bottle,medium (1-5%),0.639
IMG_0576_JPG_jpg.rf.691d16660701551705fac19b3df29e37.jpg,50,mallet,small (0.2-1%),0.641
IMG_0513_JPG_jpg.rf.a4e9d43d4a5a7a4eacab22f4cbcae5e7.jpg,50,mallet,tiny (<0.2% of image),0.643
t_bot_mal317_jpeg_jpg.rf.1c2f899fc07585fda98d45a357d79232.jpg,41,bottle,small (0.2-1%),0.644
JPEG-image-197_jpeg_jpg.rf.02f5edd6f8097e5346263205d5a82d4b.jpg,50,bottle,tiny (<0.2% of image),0.644
IMG_0576_JPG_jpg.rf.691d16660701551705fac19b3df29e37.jpg,50,bottle,medium (1-5%),0.646
mallet1348_jpeg_jpg.rf.b3d06addd880bb471932632d9e3d6092.jpg,71,mallet,small (0.2-1%),0.648
IMG_0796_JPG_jpg.rf.87c53fb83807c9b1135ad54d4a5920c1.jpg,50,bottle,tiny (<0.2% of image),0.648
c_mallet_503_JPG_jpg.rf.7b23d3fbe8bc75c8e17a76b10bb74fc7.jpg,52,bottle,medium (1-5%),0.649
20231021_173140_jpg.rf.8c6c3a12d0512fb3a835ef03de56960b.jpg,88,mallet,large (>5%),0.649
Untitled-drawing-47_jpg.rf.f1b497a70865acc71762316fa2482210.jpg,13,bottle,small (0.2-1%),0.649
JPEG-image-251_jpeg_jpg.rf.be4c609b597d717e52828cdc66803248.jpg,46,bottle,medium (1-5%),0.650
mallet8_jpeg_jpg.rf.f2613670e28ba103b3970ae96899c977.jpg,71,mallet,small (0.2-1%),0.651
mallet1452_jpeg_jpg.rf.a692c5c45c2b28d64a56473b258c94ae.jpg,71,mallet,small (0.2-1%),0.655
c_mallet_511_JPG_jpg.rf.3f1c7b2a6efa715f9e2e5d3ad18db852.jpg,52,mallet,medium (1-5%),0.655
JPEG-image-247_jpeg_jpg.rf.217dee89b09412383b9866a09b61afd3.jpg,50,mallet,small (0.2-1%),0.656
green_nalgene_vid_mp4-139_jpg.rf.44cdb5a894737dbe39894a07a3d8dd00.jpg,54,bottle,medium (1-5%),0.657
20231021_172811_jpg.rf.1b4a4c8973babf18547b0bf778bc75b7.jpg,79,mallet,large (>5%),0.657
20231021_172811_jpg.rf.1b4a4c8973babf18547b0bf778bc75b7.jpg,79,mallet,large (>5%),0.657
mallet385_jpeg_jpg.rf.de31f44cb6d67a1ae4289c29cf3dab5c.jpg,63,bottle,small (0.2-1%),0.659
IMG_0614_JPG_jpg.rf.eb703850b16bcd60da06eaad23cfd8be.jpg,50,mallet,medium (1-5%),0.659
c_mallet_393_JPG_jpg.rf.e215f8bd1a4ff73dbbea3a815e9ac63a.jpg,52,mallet,small (0.2-1%),0.661
mallet1121_jpeg_jpg.rf.b3980b2eef19b71a3389f5ebe2733833.jpg,70,mallet,small (0.2-1%),0.662
IMG_0783_JPG_jpg.rf.7e00d6e34b45420ffb19133a43dbf413.jpg,50,bottle,small (0.2-1%),0.663
JPEG-image-251_jpeg_jpg.rf.be4c609b597d717e52828cdc66803248.jpg,46,bottle,small (0.2-1%),0.663
JPEG-image-190_jpeg_jpg.rf.61fe9ad6f0881c035ede5dc75cf56651.jpg,50,bottle,tiny (<0.2% of image),0.666
JPEG-image-249_jpeg_jpg.rf.ab3d1de8d4c762084106705686b88b98.jpg,50,mallet,small (0.2-1%),0.666
IMG_0647_JPG_jpg.rf.797b61b48e9038dc6b03f7492f831be7.jpg,67,mallet,medium (1-5%),0.666
IMG_0793_JPG_jpg.rf.1367b2cbd6bc31470fac2e20c7ca9843.jpg,70,mallet,small (0.2-1%),0.668
IMG_0601_JPG_jpg.rf.ca3100f43cce898aed18c0e2e507bd43.jpg,67,mallet,small (0.2-1%),0.670
IMG_0796_JPG_jpg.rf.87c53fb83807c9b1135ad54d4a5920c1.jpg,50,mallet,tiny (<0.2% of image),0.672
mallet1630_jpeg_jpg.rf.87844059a48193f6962fb7468f6131b3.jpg,62,mallet,medium (1-5%),0.673
mallet880_jpeg_jpg.rf.e7717a58157310bdda78f5a80f63fd28.jpg,71,mallet,medium (1-5%),0.676
IMG_0575_JPG_jpg.rf.6b46d5c071992557a60ee623a281519a.jpg,50,bottle,small (0.2-1%),0.678
IMG_0546_JPG_jpg.rf.51ba910d7c156c1e30a81e818d88446f.jpg,50,mallet,small (0.2-1%),0.678
JPEG-image-232_jpeg_jpg.rf.0e07c0c60d67457db35da6973885069a.jpg,46,mallet,small (0.2-1%),0.678
IMG_0601_JPG_jpg.rf.ca3100f43cce898aed18c0e2e507bd43.jpg,67,bottle,small (0.2-1%),0.679
mallet1288_jpeg_jpg.rf.3a5fbd394ee688d7fc19d115bec6c104.jpg,71,mallet,large (>5%),0.679
mallet549_jpeg_jpg.rf.9700ee9e04e2fe3a78aa85dcff53cdfb.jpg,63,mallet,medium (1-5%),0.680
IMG_0795_JPG_jpg.rf.f3681f94647cf04dd1681402f217cf30.jpg,50,bottle,tiny (<0.2% of image),0.682
c_mallet_672_JPG_jpg.rf.ec4cddb814d331c8869d7dbb41712c41.jpg,52,mallet,medium (1-5%),0.683
mallet127_jpeg_jpg.rf.4f5a7cb997b5392d94b46d5d3943d6ac.jpg,70,mallet,small (0.2-1%),0.683
Untitled-drawing-47_jpg.rf.f1b497a70865acc71762316fa2482210.jpg,13,bottle,small (0.2-1%),0.684
IMG_0809_JPG_jpg.rf.5033b0b489c77b03360eecd120d7a84f.jpg,71,mallet,medium (1-5%),0.684
JPEG-image-190_jpeg_jpg.rf.61fe9ad6f0881c035ede5dc75cf56651.jpg,50,bottle,tiny (<0.2% of image),0.685
t_bot_mal105_jpeg_jpg.rf.48631d7b781cf12f9d4c20071f89c1e7.jpg,41,bottle,small (0.2-1%),0.685
20231021_174914_jpg.rf.5120db45f9751d3f631d074f4e3b23bf.jpg,89,mallet,medium (1-5%),0.685
IMG_0556_JPG_jpg.rf.0602a04a40e305442170a918f0605bb9.jpg,67,bottle,small (0.2-1%),0.686
c_mallet_202_JPG_jpg.rf.3e9f1d8b6d10a03d7d2181f14098fb48.jpg,70,mallet,medium (1-5%),0.686
IMG_0646_JPG_jpg.rf.5e9fe982cea440090c81092f7f1ee89f.jpg,67,bottle,tiny (<0.2% of image),0.688
c_mallet_505_JPG_jpg.rf.9d276db1cb70760b190cbd8029096151.jpg,52,mallet,small (0.2-1%),0.688
mallet240_jpeg_jpg.rf.374e57dde9141ca315a850b99fed50cb.jpg,70,mallet,small (0.2-1%),0.689
mallet524_jpeg_jpg.rf.cf1db4f4d0fe2c7cbc5633b25d92294b.jpg,63,mallet,tiny (<0.2% of image),0.689
mallet1352_jpeg_jpg.rf.75f9e427aa11eb203c586a2df614ad81.jpg,68,mallet,medium (1-5%),0.690
IMG_0778_JPG_jpg.rf.a72355146513659c5f10b1f2e96bb8ab.jpg,50,mallet,small (0.2-1%),0.690
JPEG-image-216_jpeg_jpg.rf.cb1e508d39e35dd7e162f7f9fed8b840.jpg,46,bottle,tiny (<0.2% of image),0.691
mallet696_jpeg_jpg.rf.68f26137f9f990b9a35d5c17092ff4cd.jpg,71,mallet,small (0.2-1%),0.692
c_mallet_318_JPG_jpg.rf.b5228fe156bf5258aeeaee260a3b3cae.jpg,62,mallet,tiny (<0.2% of image),0.694
t_bot_mal612_jpeg_jpg.rf.a8b30b78a922c2f56ad2d8daa2226723.jpg,71,mallet,medium (1-5%),0.695
20231021_173658_jpg.rf.26ec650bf870e9541afb2d49372d4119.jpg,85,mallet,medium (1-5%),0.696
t_bot_mal267_jpeg_jpg.rf.4d19a6cd82d2eb426b24fb5ff079664f.jpg,41,bottle,tiny (<0.2% of image),0.696
IMG_0761_JPG_jpg.rf.8e0d75ed368607b4607ebfc87b83ffb5.jpg,70,mallet,small (0.2-1%),0.697
t_bot_mal359_jpeg_jpg.rf.0988be0328b307d7026a3fddea41f234.jpg,41,bottle,tiny (<0.2% of image),0.697
IMG_0654_JPG_jpg.rf.2fb923663f30a9cdace54a45a88e26c9.jpg,50,mallet,medium (1-5%),0.697
c_mallet_1177_JPG_jpg.rf.a5e681117f3e4383428efb8a39e1c480.jpg,64,mallet,small (0.2-1%),0.698
JPEG-image-196_jpeg_jpg.rf.a1f292e012dcecfbd2fef2ed1e1ff89a.jpg,47,mallet,tiny (<0.2% of image),0.698
mallet1220_jpeg_jpg.rf.97a63b9540b78a2dce18919ec727bef4.jpg,70,mallet,small (0.2-1%),0.699
mallet-video-Trim_mp4-10_jpg.rf.80c7a72bd1dc505cd0feb353fa08f5a1.jpg,26,mallet,large (>5%),0.699
IMG_0805_JPG_jpg.rf.90db8a2871b8624a4e542cbaf3c3ae7d.jpg,70,bottle,tiny (<0.2% of image),0.700
mallet415_jpeg_jpg.rf.0d6478fe8203630ceb503c251b4d39ee.jpg,54,bottle,tiny (<0.2% of image),0.701
JPEG-image-215_jpeg_jpg.rf.87ad19751c54bb832cedba08eaad6224.jpg,50,mallet,small (0.2-1%),0.701
IMG_0602_JPG_jpg.rf.31ab06e514ec7edc2d694dc2e6ab425e.jpg,50,mallet,small (0.2-1%),0.701
IMG_0653_JPG_jpg.rf.3715dbf3cc74fcec9259a9aaafeda52f.jpg,67,mallet,small (0.2-1%),0.701
IMG_0751_JPG_jpg.rf.83230f209305c922908d4b3ff119d0b0.jpg,67,mallet,small (0.2-1%),0.703
c_mallet_178_JPG_jpg.rf.fe357147ad00c4fda261d8bfbaf5748f.jpg,71,mallet,large (>5%),0.703
IMG_0575_JPG_jpg.rf.6b46d5c071992557a60ee623a281519a.jpg,50,mallet,small (0.2-1%),0.703
115_jpg.rf.82b5e4bdfbc1beee7aab7d675c5ccac8.jpg,31,bottle,small (0.2-1%),0.703
20231021_175758_jpg.rf.166c0e3898884a59e2cace0a03c907b8.jpg,1,mallet,small (0.2-1%),0.706
c_mallet_1251_JPG_jpg.rf.0bf21bb81bca90d4f5448a0c5df92eb8.jpg,52,mallet,small (0.2-1%),0.706
IMG_0795_JPG_jpg.rf.f3681f94647cf04dd1681402f217cf30.jpg,50,mallet,small (0.2-1%),0.706
IMG_9180_jpeg_jpg.rf.87935a56a5a10782927af9ac2ac7bb94.jpg,50,bottle,small (0.2-1%),0.707
c_mallet_48_JPG_jpg.rf.100c5fdce45e805bc0306750f8465122.jpg,71,mallet,medium (1-5%),0.707
JPEG-image-197_jpeg_jpg.rf.02f5edd6f8097e5346263205d5a82d4b.jpg,50,bottle,tiny (<0.2% of image),0.708
mallet1425_jpeg_jpg.rf.ca4dfa56e2f3bc801d2b930fca2fe9da.jpg,65,mallet,small (0.2-1%),0.708
IMG_0129_JPG_jpg.rf.8ae5e8fe2344f159476a5ef144aed1e2.jpg,40,bottle,medium (1-5%),0.708
mallet957_jpeg_jpg.rf.e52e3bc268490154e0f010ab309c067f.jpg,52,mallet,small (0.2-1%),0.710
JPEG-image-221_jpeg_jpg.rf.1e54e79947f5574bd5661956298342eb.jpg,46,bottle,small (0.2-1%),0.710
20231021_175011_jpg.rf.4cdaf9ac2621d566f278fa13a18b7185.jpg,89,mallet,small (0.2-1%),0.711
t_bot_mal826_jpeg_jpg.rf.8c5d0fffa55e2db3069ff997c462319b.jpg,70,mallet,small (0.2-1%),0.712
IMG_0647_JPG_jpg.rf.797b61b48e9038dc6b03f7492f831be7.jpg,67,bottle,small (0.2-1%),0.712
IMG_0762_JPG_jpg.rf.747f59427c95cb64ffba454a6ba79d23.jpg,70,mallet,small (0.2-1%),0.713
c_mallet_978_JPG_jpg.rf.1a6ff48f8148bf90cdd5f72db09e3518.jpg,65,mallet,tiny (<0.2% of image),0.714
c_mallet_578_JPG_jpg.rf.22cfcb589739432a57a60e4219d52c32.jpg,71,mallet,small (0.2-1%),0.714
JPEG-image-204_jpeg_jpg.rf.b47d46540d6df5cb0b74944ac8ef5500.jpg,47,mallet,tiny (<0.2% of image),0.716
c_mallet_716_JPG_jpg.rf.5b30c51700a3e2737c8a5726602ba02b.jpg,64,bottle,tiny (<0.2% of image),0.717
20231021_174551_jpg.rf.603a928a7cee8e31eec311ed536ebe2a.jpg,87,mallet,medium (1-5%),0.718
20231021_173559_jpg.rf.8ac5f6b0bac4f69189202f8da970e1e0.jpg,88,mallet,small (0.2-1%),0.718
mallet620_jpeg_jpg.rf.3ec84d4088bd58d192f075e50ae5be7e.jpg,63,mallet,tiny (<0.2% of image),0.718
mallet1085_jpeg_jpg.rf.38f7248ab7f667909d3e8ad5c55eea5a.jpg,52,mallet,small (0.2-1%),0.719
y2mate_com-The-Worlds-Best-Water-Bottle-Nalgene-Wide-Mouth-32-Oz_1080p_mp4-253_jpg.rf.0d806f8e6a8d2cae9870fb3035ae32c7.jpg,28,bottle,large (>5%),0.719
IMG_0572_JPG_jpg.rf.0548bb4f88b37eb426a35da012562f58.jpg,50,bottle,medium (1-5%),0.719
JPEG-image-217_jpeg_jpg.rf.850db5e2746cf6ca1d957a1964c857b8.jpg,50,mallet,small (0.2-1%),0.719
mallet279_jpeg_jpg.rf.64ce7950548a5770110218e9a3301325.jpg,63,mallet,small (0.2-1%),0.720
20231021_174909_jpg.rf.e8ae7cbbcf466ca7fac0c10f9c3a407d.jpg,88,mallet,medium (1-5%),0.720
c_mallet_503_JPG_jpg.rf.7b23d3fbe8bc75c8e17a76b10bb74fc7.jpg,52,mallet,small (0.2-1%),0.721
IMG_9183_jpeg_jpg.rf.e00be9ea0464675e3e35669d8d99f496.jpg,50,bottle,small (0.2-1%),0.722
c_mallet_363_JPG_jpg.rf.e7eac084c99b8033fcc1d7c2a0f235ed.jpg,70,mallet,medium (1-5%),0.722
JPEG-image-204_jpeg_jpg.rf.b47d46540d6df5cb0b74944ac8ef5500.jpg,47,bottle,tiny (<0.2% of image),0.722
JPEG-image-218_jpeg_jpg.rf.886f89985db3ba5ca4a33473797d0176.jpg,46,bottle,small (0.2-1%),0.723
IMG_0593_JPG_jpg.rf.8939df9adc12e343b3e466ced97ce29a.jpg,67,mallet,medium (1-5%),0.725
20231021_175016_jpg.rf.c8c59ed18d7cc9fcc28713f7ef7b3693.jpg,89,mallet,small (0.2-1%),0.725
JPEG-image-247_jpeg_jpg.rf.217dee89b09412383b9866a09b61afd3.jpg,50,bottle,small (0.2-1%),0.725
mallet1621_jpeg_jpg.rf.cf53484e27e8bb8f99041739dbe2e93a.jpg,65,mallet,small (0.2-1%),0.726
mallet1299_jpeg_jpg.rf.897529b00dce414f9755dcdd9e3d3d73.jpg,71,mallet,large (>5%),0.726
JPEG-image-228_jpeg_jpg.rf.2c5e3ea24ccd5671a308f2656cc55b2b.jpg,46,bottle,medium (1-5%),0.728
JPEG-image-218_jpeg_jpg.rf.886f89985db3ba5ca4a33473797d0176.jpg,46,bottle,small (0.2-1%),0.729
t_bot_mal837_jpeg_jpg.rf.2554deee7f8a29e396a4a798d6b11a84.jpg,61,mallet,medium (1-5%),0.730
JPEG-image-213_jpeg_jpg.rf.2b6c5fdba27607e96f87ea7587fe9156.jpg,46,mallet,medium (1-5%),0.730
IMG_0808_JPG_jpg.rf.fb9f5ca4cd4304547c6fce0273ca766a.jpg,71,mallet,medium (1-5%),0.731
20231021_173714_jpg.rf.818fe34358714c27948766bc6fb9188b.jpg,88,mallet,small (0.2-1%),0.732
20231021_175200_jpg.rf.5e7d6fbebf3368b14a9e4911884c017b.jpg,87,mallet,medium (1-5%),0.733
mallet1325_jpeg_jpg.rf.02474d28931241996224becf46b34820.jpg,65,mallet,tiny (<0.2% of image),0.733
c_mallet_1197_JPG_jpg.rf.89e5bcbae7b5576c507001bb1ad3ee33.jpg,64,mallet,tiny (<0.2% of image),0.734
JPEG-image-252_jpeg_jpg.rf.c6c5387305eb32298ffbd6d30ca40c3d.jpg,50,mallet,small (0.2-1%),0.735
mallet438_jpeg_jpg.rf.0551917ec9c62cc1b8dde857c23ec69e.jpg,63,bottle,tiny (<0.2% of image),0.735
c_mallet_976_JPG_jpg.rf.e6f34843f281f2f87b7ea7e6c1a7aa5c.jpg,65,mallet,tiny (<0.2% of image),0.737
JPEG-image-203_jpeg_jpg.rf.ff232a824dce00f19574ab9b835f6450.jpg,46,bottle,medium (1-5%),0.737
IMG_0626_JPG_jpg.rf.8c037056f26e9c5aa2f7a6cbdefe61e4.jpg,67,mallet,small (0.2-1%),0.738
IMG_0613_JPG_jpg.rf.3371282e495765fde78924f7b9034132.jpg,67,mallet,small (0.2-1%),0.738
20231021_174931_jpg.rf.a8101473cd480224e22dd653f55b14f5.jpg,86,mallet,small (0.2-1%),0.738
JPEG-image-252_jpeg_jpg.rf.c6c5387305eb32298ffbd6d30ca40c3d.jpg,50,bottle,medium (1-5%),0.739
c_mallet_1060_JPG_jpg.rf.01782524005c66b700df7dfd37a0a385.jpg,71,mallet,medium (1-5%),0.739
IMG_9180_jpeg_jpg.rf.87935a56a5a10782927af9ac2ac7bb94.jpg,50,bottle,small (0.2-1%),0.739
JPEG-image-221_jpeg_jpg.rf.1e54e79947f5574bd5661956298342eb.jpg,46,bottle,small (0.2-1%),0.741
c_mallet_465_JPG_jpg.rf.a55309d183bd61c99f0b46cc71bc723f.jpg,52,mallet,medium (1-5%),0.743
IMG_0749_JPG_jpg.rf.cf5d7ff56409a026a99782c4ffa2935c.jpg,67,mallet,small (0.2-1%),0.743
c_mallet_127_JPG_jpg.rf.f7605881848205fa8b8a986e52cd41a4.jpg,70,mallet,medium (1-5%),0.744
y2mate_com-The-Worlds-Best-Water-Bottle-Nalgene-Wide-Mouth-32-Oz_1080p_mp4-77_jpg.rf.04c9c5d09eff59b44d928d67bdea280e.jpg,28,bottle,large (>5%),0.744
JPEG-image-232_jpeg_jpg.rf.0e07c0c60d67457db35da6973885069a.jpg,46,bottle,medium (1-5%),0.745
20231021_175154_jpg.rf.f87067b93c613ab3d615f6f2eb684403.jpg,87,mallet,medium (1-5%),0.745
Untitled-drawing-44_jpg.rf.d3184add65cdc03dfd15c7a5760c8ccb.jpg,13,bottle,small (0.2-1%),0.746
IMG_0763_JPG_jpg.rf.0bcba360fa687bd273219dd668bcda33.jpg,50,mallet,small (0.2-1%),0.746
green_nalgene_vid_mp4-132_jpg.rf.97fb06bff6850ea878c686e9e21fb15f.jpg,54,bottle,medium (1-5%),0.746
20231021_174340_jpg.rf.b2fccfe30b0f56aeb18513ba04ff9892.jpg,90,mallet,medium (1-5%),0.746
c_mallet_1046_JPG_jpg.rf.386b6dfc11375a54aad0fb9922896c7c.jpg,70,mallet,small (0.2-1%),0.747
c_mallet_52_JPG_jpg.rf.109d48c79716fce5db5128e2c18921f0.jpg,71,mallet,medium (1-5%),0.747
IMG_0509_JPG_jpg.rf.ca46c829c42049e4cbb7bc8c37740185.jpg,66,bottle,tiny (<0.2% of image),0.747
IMG_0647_JPG_jpg.rf.797b61b48e9038dc6b03f7492f831be7.jpg,67,bottle,small (0.2-1%),0.748
IMG_9180_jpeg_jpg.rf.87935a56a5a10782927af9ac2ac7bb94.jpg,50,bottle,small (0.2-1%),0.748
c_mallet_498_JPG_jpg.rf.ab915f8cd07479d6280334f077673e25.jpg,52,mallet,small (0.2-1%),0.748
IMG_0644_JPG_jpg.rf.cb2af9a8b3ccfaf6a3d5fe08015e0767.jpg,67,bottle,tiny (<0.2% of image),0.749
mallet759_jpeg_jpg.rf.0ca78b74df79f29397f3391a837b9740.jpg,63,mallet,small (0.2-1%),0.754
c_mallet_151_JPG_jpg.rf.587c5088458c8bd36f7f5e3d6e8ca593.jpg,70,mallet,medium (1-5%),0.756
JPEG-image-205_jpeg_jpg.rf.da3d4ef941d7513f796e86596ec3d4d3.jpg,46,bottle,small (0.2-1%),0.756
IMG_0620_JPG_jpg.rf.cd36ce572edcda310e2b7ef3465aab64.jpg,67,mallet,small (0.2-1%),0.757
20231021_174611_jpg.rf.89585a6d45972c7ad138f590ac3bfb93.jpg,87,mallet,medium (1-5%),0.757
IMG_0783_JPG_jpg.rf.7e00d6e34b45420ffb19133a43dbf413.jpg,50,mallet,medium (1-5%),0.758
c_mallet_528_JPG_jpg.rf.778c676715a86905dac60e1bb1124861.jpg,71,mallet,medium (1-5%),0.759
IMG_0622_JPG_jpg.rf.fd70163e11d516c7ff020b97b7baf031.jpg,67,mallet,small (0.2-1%),0.759
c_mallet_199_JPG_jpg.rf.8eec284ea6fcc20c1846c2cfbf323667.jpg,70,mallet,medium (1-5%),0.759
JPEG-image-247_jpeg_jpg.rf.217dee89b09412383b9866a09b61afd3.jpg,50,bottle,small (0.2-1%),0.760
t_bot_mal824_jpeg_jpg.rf.f8707a25b7dfb42403aeb1fdbf1c0d8e.jpg,71,mallet,medium (1-5%),0.760
t_bot_mal485_jpeg_jpg.rf.4b661010bf1e4b02768fa368ad970540.jpg,56,bottle,large (>5%),0.761
JPEG-image-200_jpeg_jpg.rf.6de6a6ef047c204c82ea90df9bb965bb.jpg,50,mallet,small (0.2-1%),0.761
mallet290_jpeg_jpg.rf.210d97634df483127f8141cc6eb1749a.jpg,63,mallet,small (0.2-1%),0.761
c_mallet_790_JPG_jpg.rf.43fb8aaf623d6688d2a25810344a6579.jpg,70,mallet,small (0.2-1%),0.761
JPEG-image-228_jpeg_jpg.rf.2c5e3ea24ccd5671a308f2656cc55b2b.jpg,46,mallet,small (0.2-1%),0.761
t_bot_mal793_jpeg_jpg.rf.0f1b9121b7f91e73c27be10e44ae4458.jpg,52,mallet,medium (1-5%),0.761
IMG_0514_JPG_jpg.rf.d1127595ddd692355b22ad243559367b.jpg,66,bottle,small (0.2-1%),0.762
JPEG-image-216_jpeg_jpg.rf.cb1e508d39e35dd7e162f7f9fed8b840.jpg,46,bottle,tiny (<0.2% of image),0.762
IMG_0619_JPG_jpg.rf.6083833e85591e71c68b0b58e35ce1a5.jpg,67,mallet,small (0.2-1%),0.762
IMG_0745_JPG_jpg.rf.3100b5b92606939513ce08def0c9ae72.jpg,50,bottle,small (0.2-1%),0.763
mallet1196_jpeg_jpg.rf.fd174229ef364dda132b9966b0205148.jpg,52,mallet,small (0.2-1%),0.763
mallet1291_jpeg_jpg.rf.054d875109a327aa450fe20d661212c7.jpg,71,mallet,large (>5%),0.764
JPEG-image-228_jpeg_jpg.rf.2c5e3ea24ccd5671a308f2656cc55b2b.jpg,46,bottle,medium (1-5%),0.764
mallet385_jpeg_jpg.rf.de31f44cb6d67a1ae4289c29cf3dab5c.jpg,63,mallet,small (0.2-1%),0.765
20231021_175804_jpg.rf.9f588c411b163e5b0ca15c0855f850bb.jpg,1,mallet,small (0.2-1%),0.765
264_jpg.rf.dc4beb68741ca6509d55cf84a8a5a605.jpg,74,bottle,tiny (<0.2% of image),0.765
20231021_174528_jpg.rf.50e02b21b3bf5cb7267d3f11fa3df9bc.jpg,87,mallet,medium (1-5%),0.765
t_bot_mal742_jpeg_jpg.rf.9ed6ac6d14eb6adfa97582f1bf56d8fc.jpg,71,mallet,medium (1-5%),0.765
IMG_0631_JPG_jpg.rf.90b25cf0db7d373b84eec5df6bcbe6dc.jpg,67,mallet,small (0.2-1%),0.765
c_mallet_188_JPG_jpg.rf.ead59cfd8c6daa8b127110ec04c946bb.jpg,70,mallet,medium (1-5%),0.767
20231021_173737_jpg.rf.eaa550b0b433757b6eed38fa59a87a36.jpg,88,mallet,large (>5%),0.767
IMG_9170_jpeg_jpg.rf.a617803e93289c3fb9bed1cd15536472.jpg,50,mallet,small (0.2-1%),0.767
1literwidemouthwaterbottle249_jpeg_jpg.rf.b0eff4bab9c0a900bb9dd663d535b6af.jpg,19,bottle,large (>5%),0.768
IMG_0645_JPG_jpg.rf.8c1971d75dbe46044f2d3516f5145851.jpg,67,mallet,small (0.2-1%),0.768
20231021_173828_jpg.rf.bd909081d54444c984aeaa5cda82c5c5.jpg,83,mallet,large (>5%),0.768
JPEG-image-196_jpeg_jpg.rf.a1f292e012dcecfbd2fef2ed1e1ff89a.jpg,47,bottle,tiny (<0.2% of image),0.768
20231021_174614_jpg.rf.4abd5977341ece970fa242971d8ba7bc.jpg,87,mallet,small (0.2-1%),0.769
20231021_173946_jpg.rf.80a3f627762c9325e08ba81e758974fb.jpg,83,mallet,medium (1-5%),0.769
JPEG-image-197_jpeg_jpg.rf.02f5edd6f8097e5346263205d5a82d4b.jpg,50,bottle,small (0.2-1%),0.769
JPEG-image-250_jpeg_jpg.rf.6dbe29d506bf030e9e0d5fc4aace61cc.jpg,50,bottle,small (0.2-1%),0.770
c_mallet_210_JPG_jpg.rf.5e470d7310d89954644dd73a8632e54a.jpg,71,mallet,medium (1-5%),0.770
IMG_0094_JPG_jpg.rf.aa5584cee326e9fe921bee5e80853d72.jpg,40,bottle,large (>5%),0.770
JPEG-image-249_jpeg_jpg.rf.ab3d1de8d4c762084106705686b88b98.jpg,50,bottle,small (0.2-1%),0.773
mallet28_jpeg_jpg.rf.694c70b261238f7a18519e30bdcaaedb.jpg,71,bottle,small (0.2-1%),0.774
219_jpg.rf.4c0cc13de4fcabe6e7e7ed4c8509e8f2.jpg,75,bottle,small (0.2-1%),0.774
IMG_0541_JPG_jpg.rf.8dd9ebf9877c57845227bf3b22d1513b.jpg,67,mallet,medium (1-5%),0.774
JPEG-image-205_jpeg_jpg.rf.da3d4ef941d7513f796e86596ec3d4d3.jpg,46,mallet,medium (1-5%),0.775
c_mallet_743_JPG_jpg.rf.c0e0d5a9e1ea8fd8b13e229af515d048.jpg,70,mallet,small (0.2-1%),0.775
JPEG-image-218_jpeg_jpg.rf.886f89985db3ba5ca4a33473797d0176.jpg,46,mallet,small (0.2-1%),0.775
y2mate_com-The-Worlds-Best-Water-Bottle-Nalgene-Wide-Mouth-32-Oz_1080p_mp4-237_jpg.rf.dc032d66e1e464d887daaaac9c3e5471.jpg,28,bottle,large (>5%),0.775
IMG_9183_jpeg_jpg.rf.e00be9ea0464675e3e35669d8d99f496.jpg,50,mallet,small (0.2-1%),0.776
IMG_0645_JPG_jpg.rf.8c1971d75dbe46044f2d3516f5145851.jpg,67,bottle,tiny (<0.2% of image),0.777
20231021_173953_jpg.rf.04d89038caedfd7c57e02565201d16bb.jpg,83,mallet,medium (1-5%),0.777
JPEG-image-247_jpeg_jpg.rf.217dee89b09412383b9866a09b61afd3.jpg,50,bottle,medium (1-5%),0.777
JPEG-image-215_jpeg_jpg.rf.87ad19751c54bb832cedba08eaad6224.jpg,50,bottle,small (0.2-1%),0.778
JPEG-image-221_jpeg_jpg.rf.1e54e79947f5574bd5661956298342eb.jpg,46,mallet,medium (1-5%),0.778
JPEG-image-249_jpeg_jpg.rf.ab3d1de8d4c762084106705686b88b98.jpg,50,bottle,small (0.2-1%),0.780
IMG_0263_JPG_jpg.rf.f5901ef05d4af3a57d40867831287cb0.jpg,40,bottle,medium (1-5%),0.780
20231021_174547_jpg.rf.a1652fff4465557a204a645569833eac.jpg,87,mallet,small (0.2-1%),0.781
mallet353_jpeg_jpg.rf.2e73d493f4c9c358355192524ff1b289.jpg,63,bottle,medium (1-5%),0.783
IMG_0760_JPG_jpg.rf.4aef41dce8661d1efb3b2ea6fe79be40.jpg,71,mallet,small (0.2-1%),0.783
IMG_9170_jpeg_jpg.rf.a617803e93289c3fb9bed1cd15536472.jpg,50,bottle,small (0.2-1%),0.783
20231021_175121_jpg.rf.580ec08c338e1e299681c5c49668466f.jpg,89,mallet,medium (1-5%),0.783
IMG_0494_JPG_jpg.rf.68a19372b85d250fc1fa190d9a8d8080.jpg,50,mallet,small (0.2-1%),0.784
1literwidemouthwaterbottle12_jpeg_jpg.rf.d1df232d352680c162dab017ef74679c.jpg,22,bottle,large (>5%),0.784
20231021_174928_jpg.rf.090b3e3b72e7b085c214dce0ff845764.jpg,86,mallet,small (0.2-1%),0.784
JPEG-image-197_jpeg_jpg.rf.02f5edd6f8097e5346263205d5a82d4b.jpg,50,bottle,tiny (<0.2% of image),0.784
20231021_172826_jpg.rf.999ae7a4252393a68b46b8c9f57263c5.jpg,79,mallet,large (>5%),0.785
mallet-video-Trim_mp4-36_jpg.rf.afe8606db97fb1e1251beaec13eb7d5c.jpg,26,mallet,large (>5%),0.785
green_nalgene_vid_mp4-129_jpg.rf.e63cc61a6fecdd73ad4d33b5f78f426a.jpg,54,bottle,small (0.2-1%),0.786
IMG_9180_jpeg_jpg.rf.87935a56a5a10782927af9ac2ac7bb94.jpg,50,mallet,tiny (<0.2% of image),0.787
mallet903_jpeg_jpg.rf.87ea282071df4023538c552b53dd6046.jpg,64,mallet,small (0.2-1%),0.787
c_mallet_558_JPG_jpg.rf.b37211da635dc2f6761ecff9a02c73a5.jpg,71,mallet,medium (1-5%),0.788
t_bot_mal800_jpeg_jpg.rf.b9f249e7ca4c2fbed9ffc7735b9b6986.jpg,68,mallet,medium (1-5%),0.788
mallet844_jpeg_jpg.rf.b018c2390cc1ad2bc4954ff967b1718e.jpg,63,mallet,small (0.2-1%),0.789
mallet275_jpeg_jpg.rf.1bbb491760daa999214acd56fcc5d677.jpg,66,mallet,small (0.2-1%),0.789
mallet1054_jpeg_jpg.rf.cd026727df150fe884c69b920c2d7a8a.jpg,52,mallet,small (0.2-1%),0.789
Untitled-drawing-8_jpg.rf.6222e7e09ec7f41d3cad4132e8edf55d.jpg,13,bottle,small (0.2-1%),0.789
JPEG-image-197_jpeg_jpg.rf.02f5edd6f8097e5346263205d5a82d4b.jpg,50,mallet,tiny (<0.2% of image),0.789
JPEG-image-204_jpeg_jpg.rf.b47d46540d6df5cb0b74944ac8ef5500.jpg,47,bottle,small (0.2-1%),0.789
20231021_173359_jpg.rf.bf4188cb4d0cb641af937cd1a474fc91.jpg,86,mallet,small (0.2-1%),0.790
265_jpg.rf.a2f592c86d275c54e25b773fe4175b36.jpg,74,bottle,tiny (<0.2% of image),0.790
IMG_4527_jpg.rf.fc15e3a66bcf93eae418fab4d29f8b9b.jpg,31,bottle,large (>5%),0.790
Untitled-drawing-8_jpg.rf.6222e7e09ec7f41d3cad4132e8edf55d.jpg,13,bottle,small (0.2-1%),0.790
c_mallet_239_JPG_jpg.rf.68834d7d16371975412275519c445f5e.jpg,68,mallet,medium (1-5%),0.791
JPEG-image-3_jpeg_jpg.rf.cd738157ab181af7442527746a8b0221.jpg,50,mallet,small (0.2-1%),0.791
mallet28_jpeg_jpg.rf.694c70b261238f7a18519e30bdcaaedb.jpg,71,mallet,medium (1-5%),0.791
JPEG-image-207_jpeg_jpg.rf.b8288eb06d114fe4f02baf00f8e5f316.jpg,50,mallet,medium (1-5%),0.791
mallet1230_jpeg_jpg.rf.9aaede105f150c8b33068ecba640dc16.jpg,71,mallet,small (0.2-1%),0.791
JPEG-image-196_jpeg_jpg.rf.a1f292e012dcecfbd2fef2ed1e1ff89a.jpg,47,bottle,tiny (<0.2% of image),0.792
t_bot_mal579_jpeg_jpg.rf.984465fcd799977fdd3995f01cd377b0.jpg,63,mallet,small (0.2-1%),0.792
t_bot_mal232_jpeg_jpg.rf.5babf380a6dcfbff4fbbe8b0fa62b33e.jpg,41,bottle,small (0.2-1%),0.792
JPEG-image-215_jpeg_jpg.rf.87ad19751c54bb832cedba08eaad6224.jpg,50,bottle,small (0.2-1%),0.792
green_nalgene_vid_mp4-180_jpg.rf.178bc785d580e2f7218c37c9df057735.jpg,29,bottle,large (>5%),0.793
t_bot_mal382_jpeg_jpg.rf.ba77718c4a3363ce774c105fe9f01c85.jpg,54,bottle,medium (1-5%),0.794
20231021_174953_jpg.rf.fd309594171707a2538853fc7425feb0.jpg,89,mallet,medium (1-5%),0.794
mallet413_jpeg_jpg.rf.d2431c04b04c2396b538de8e05a6703d.jpg,63,bottle,medium (1-5%),0.794
c_mallet_1236_JPG_jpg.rf.8aa17014d173cce5d85f585fbca6a199.jpg,70,mallet,medium (1-5%),0.795
JPEG-image-251_jpeg_jpg.rf.be4c609b597d717e52828cdc66803248.jpg,46,bottle,small (0.2-1%),0.795
20231021_173644_jpg.rf.4b76a5f6e23bdfa8bc79f2d989859c0f.jpg,85,mallet,small (0.2-1%),0.795
mallet656_jpeg_jpg.rf.eef8f9c20d6d1ea0e6024d86e67b67f8.jpg,63,mallet,tiny (<0.2% of image),0.795
JPEG-image-200_jpeg_jpg.rf.6de6a6ef047c204c82ea90df9bb965bb.jpg,50,bottle,small (0.2-1%),0.795
t_bot_mal779_jpeg_jpg.rf.14a402523d6641bf46744baf77c6eb1f.jpg,50,mallet,medium (1-5%),0.795
JPEG-image-231_jpeg_jpg.rf.9ffc2c8ba11c0b53580f30c238ab928c.jpg,46,bottle,small (0.2-1%),0.796
t_bot_mal188_jpeg_jpg.rf.c24954629a495bdcf0c7b2d98f6045d1.jpg,41,bottle,small (0.2-1%),0.797
20231021_175051_jpg.rf.cb3a42d3e1072bec62b5ed244a04bbf5.jpg,86,mallet,small (0.2-1%),0.797
Untitled-drawing-47_jpg.rf.f1b497a70865acc71762316fa2482210.jpg,13,bottle,medium (1-5%),0.798
image_a2900458-5aa7-40de-a397-f014f0d75613-copy_jpg.rf.76e673c5dbe5943b86ff88a5c7c79b6a.jpg,10,bottle,large (>5%),0.798
JPEG-image-213_jpeg_jpg.rf.2b6c5fdba27607e96f87ea7587fe9156.jpg,46,bottle,small (0.2-1%),0.798
c_mallet_385_JPG_jpg.rf.9690bcf3ca4cb4a0b8c156802e26571e.jpg,71,mallet,large (>5%),0.798
1literwidemouthwaterbottle203_jpeg_jpg.rf.3c56a73b86701d14317e8025f207d667.jpg,19,bottle,large (>5%),0.799
91_jpg.rf.9dd8ec3a4e1674bc069b01c147819d3d.jpg,74,bottle,tiny (<0.2% of image),0.799
IMG_8994_jpeg_jpg.rf.87f495e2e6638f2f9e63b5490c0b178e.jpg,50,bottle,medium (1-5%),0.799
IMG_0628_JPG_jpg.rf.3dae7625f3a0a8fe1ef2b303de9ff58e.jpg,67,mallet,small (0.2-1%),0.800
20231021_174253_jpg.rf.74aea173fab7371e03d2836b56981211.jpg,88,mallet,small (0.2-1%),0.801
c_mallet_653_JPG_jpg.rf.4e87b307401ee20f8842e416867397f1.jpg,71,mallet,medium (1-5%),0.801
IMG_9170_jpeg_jpg.rf.a617803e93289c3fb9bed1cd15536472.jpg,50,bottle,small (0.2-1%),0.801
mallet1465_jpeg_jpg.rf.a413f7c79f04f90cc61a7febf967013d.jpg,71,mallet,medium (1-5%),0.802
t_bot_mal523_jpeg_jpg.rf.1de6c6a5f7c7fa98dd6ba1acf76a862f.jpg,71,mallet,medium (1-5%),0.802
IMG_0187_JPG_jpg.rf.3fb627c46e90b9a4020543f421fa80e6.jpg,40,bottle,medium (1-5%),0.803
c_mallet_242_JPG_jpg.rf.70c45296383733cdcd63601da53d02ed.jpg,71,mallet,medium (1-5%),0.803
y2mate_com-The-Worlds-Best-Water-Bottle-Nalgene-Wide-Mouth-32-Oz_1080p_mp4-74_jpg.rf.e9e41248de2742ced5385ec648dfb315.jpg,28,bottle,large (>5%),0.803
nalgene-32oz-ffo-nalgene-bottle-2-colors-copy-2_jpeg_jpg.rf.752d2a233f5b343c6031e4de9857a949.jpg,22,bottle,large (>5%),0.803
t_bot_mal495_jpeg_jpg.rf.4dc42a8d84f1542d387bfaae3434e58a.jpg,71,bottle,large (>5%),0.804
20231021_173534_jpg.rf.1899eb1e6c68eeae32799ad721829086.jpg,85,mallet,small (0.2-1%),0.804
JPEG-image-216_jpeg_jpg.rf.cb1e508d39e35dd7e162f7f9fed8b840.jpg,46,bottle,small (0.2-1%),0.804
32oz-WM-HDPE-Front-No-USA-copy-2_jpg.rf.885f5beee4e64dd36841fe4c7d62b080.jpg,22,bottle,large (>5%),0.805
c_mallet_936_JPG_jpg.rf.796bc2e350d134983a47942d0129f8a4.jpg,65,mallet,small (0.2-1%),0.805
c_mallet_262_JPG_jpg.rf.8d9d598af72f0069ad01275947f29cda.jpg,71,mallet,medium (1-5%),0.805
t_bot_mal262_jpeg_jpg.rf.ad79109bfdfb5bf839de2b9bab858709.jpg,41,bottle,small (0.2-1%),0.805
JPEG-image-217_jpeg_jpg.rf.850db5e2746cf6ca1d957a1964c857b8.jpg,50,bottle,small (0.2-1%),0.805
IMG_0334_JPG_jpg.rf.0d8b7261198883b3e1fa2f99cbbc3df4.jpg,40,bottle,medium (1-5%),0.805
c_mallet_111_JPG_jpg.rf.15bb1f0b29d44f2f7123acd94dfd3786.jpg,71,mallet,medium (1-5%),0.806
20231021_174618_jpg.rf.c3e8c2c17aee6acd356151d885de0908.jpg,87,mallet,small (0.2-1%),0.806
JPEG-image-232_jpeg_jpg.rf.0e07c0c60d67457db35da6973885069a.jpg,46,bottle,small (0.2-1%),0.806
JPEG-image-196_jpeg_jpg.rf.a1f292e012dcecfbd2fef2ed1e1ff89a.jpg,47,bottle,tiny (<0.2% of image),0.806
IMG_0509_JPG_jpg.rf.ca46c829c42049e4cbb7bc8c37740185.jpg,66,bottle,small (0.2-1%),0.806
IMG_0514_JPG_jpg.rf.d1127595ddd692355b22ad243559367b.jpg,66,bottle,tiny (<0.2% of image),0.806
c_mallet_996_JPG_jpg.rf.7b2cef64c367c63b71676f1439000549.jpg,71,mallet,large (>5%),0.807
t_bot_mal236_jpeg_jpg.rf.9c2c6c6be475a62ec2c18b3c2e161186.jpg,41,bottle,small (0.2-1%),0.807
y2mate_com-The-Worlds-Best-Water-Bottle-Nalgene-Wide-Mouth-32-Oz_1080p_mp4-19_jpg.rf.3ed867452ae1e0c6b432232185862273.jpg,28,bottle,large (>5%),0.807
JPEG-image-12_jpeg_jpg.rf.34a7a27a56429e73394256f0ab198be9.jpg,47,mallet,small (0.2-1%),0.808
1literwidemouthwaterbottle176_jpeg_jpg.rf.3430181d570a1d15f315b63fd8d17194.jpg,14,bottle,large (>5%),0.808
c_mallet_591_JPG_jpg.rf.6db2999670dd3b7795a1a43a49beb196.jpg,65,mallet,small (0.2-1%),0.808
20231021_174329_jpg.rf.47cbdcb4c5f4a633bde22a44fb5ef12f.jpg,90,mallet,medium (1-5%),0.808
5102i4rO2QL-_AC_UF894-1000_QL80__jpg.rf.c2876fd5a87a3a8089f3148e9be04352.jpg,13,mallet,large (>5%),0.809
y2mate_com-The-Worlds-Best-Water-Bottle-Nalgene-Wide-Mouth-32-Oz_1080p_mp4-130_jpg.rf.1cfc1aef17ae5b23cf21086d9ed5b5e3.jpg,28,bottle,large (>5%),0.809
c_mallet_1082_JPG_jpg.rf.f18cd37cdc0b9dd504a20561e8a6ba6e.jpg,71,mallet,medium (1-5%),0.809
IMG_0630_JPG_jpg.rf.75706e456a7a9c1379f20c5b2ae7d9e2.jpg,67,mallet,small (0.2-1%),0.810
c_mallet_478_JPG_jpg.rf.d7f4f12854977ab4bf9de1c9eb11e109.jpg,52,mallet,small (0.2-1%),0.810
mallet1083_jpeg_jpg.rf.6146f113b6143b1ac79c401e8d3e39bc.jpg,65,mallet,medium (1-5%),0.810
27_jpg.rf.9c39049ad5f8bc6d6210d21a2ac3bddd.jpg,31,bottle,small (0.2-1%),0.810
JPEG-image-251_jpeg_jpg.rf.be4c609b597d717e52828cdc66803248.jpg,46,bottle,medium (1-5%),0.810
1literwidemouthwaterbottle62_jpeg_jpg.rf.8789c43b6f34a0ddb5a9bf5dc797aceb.jpg,19,bottle,large (>5%),0.810
c_mallet_841_JPG_jpg.rf.1a434090940346c8c8491cf422d9a828.jpg,70,mallet,small (0.2-1%),0.811
mallet594_jpeg_jpg.rf.205812168da14f044f086d1aab56064a.jpg,71,mallet,large (>5%),0.811
c_mallet_791_JPG_jpg.rf.8b70b8b5d03a0d5ce921dc072c62da60.jpg,70,mallet,small (0.2-1%),0.811
20231021_173751_jpg.rf.63b5f10fd45e65d8b98fa27f1317976a.jpg,88,mallet,medium (1-5%),0.811
mallet-video-Trim_mp4-23_jpg.rf.42ea302f69ce7d19bbefc4eaa5c2c8e3.jpg,26,mallet,large (>5%),0.811
JPEG-image-225_jpeg_jpg.rf.dcff07b1134e382bb8623819769fcab0.jpg,46,mallet,medium (1-5%),0.812
JPEG-image-217_jpeg_jpg.rf.850db5e2746cf6ca1d957a1964c857b8.jpg,50,bottle,small (0.2-1%),0.812
20231021_174555_jpg.rf.c0beb35d9167ad40bc9416afed9ad6b9.jpg,87,mallet,medium (1-5%),0.812
mallet1680_jpeg_jpg.rf.0a6b7b9cdb729f616c8d6948a227fd9f.jpg,71,mallet,medium (1-5%),0.813
JPEG-image-203_jpeg_jpg.rf.ff232a824dce00f19574ab9b835f6450.jpg,46,mallet,medium (1-5%),0.813
mallet9_jpg.rf.bf2806a2dd580b73b54944b1d4033389.jpg,4,mallet,large (>5%),0.813
t_bot_mal790_jpeg_jpg.rf.5fc26572f8e5e06603245371d6b8876d.jpg,70,mallet,medium (1-5%),0.813
c_mallet_350_JPG_jpg.rf.fbb4d9da96f1cd589fda2deccd9d2156.jpg,64,mallet,tiny (<0.2% of image),0.813
c_mallet_231_JPG_jpg.rf.f996d0b5f756ffd51efb21358f2908c5.jpg,71,mallet,medium (1-5%),0.814
t_bot_mal840_jpeg_jpg.rf.22d1abd0e39d5e5faece82dc84e2c5c3.jpg,70,mallet,medium (1-5%),0.814
20231021_173950_jpg.rf.6bc9728b9596f9e958c72ab0a7496ec2.jpg,83,mallet,medium (1-5%),0.814
mallet313_jpeg_jpg.rf.e9dd28104c790439ba5a034ec1631e14.jpg,71,mallet,large (>5%),0.814
IMG_0598_JPG_jpg.rf.f39bd24f307fbcc76f8ed06a0d08b8ea.jpg,67,bottle,small (0.2-1%),0.814
JPEG-image-228_jpeg_jpg.rf.2c5e3ea24ccd5671a308f2656cc55b2b.jpg,46,bottle,small (0.2-1%),0.814
JPEG-image-250_jpeg_jpg.rf.6dbe29d506bf030e9e0d5fc4aace61cc.jpg,50,bottle,small (0.2-1%),0.814
IMG_0304_JPG_jpg.rf.d26a8306ed4ed532d32f8fddd3428869.jpg,40,bottle,medium (1-5%),0.814
mallet129_jpeg_jpg.rf.654e2d3158deb834025481c91a09fd2a.jpg,71,mallet,medium (1-5%),0.815
IMG_2788_JPG_jpg.rf.315341c71b2fcf030ba81c58887872de.jpg,50,bottle,small (0.2-1%),0.815
JPEG-image-217_jpeg_jpg.rf.850db5e2746cf6ca1d957a1964c857b8.jpg,50,bottle,small (0.2-1%),0.816
JPEG-image-215_jpeg_jpg.rf.87ad19751c54bb832cedba08eaad6224.jpg,50,bottle,small (0.2-1%),0.816
c_mallet_1006_JPG_jpg.rf.ef7259b2eaff5456f39fda4d27eb38fd.jpg,70,mallet,small (0.2-1%),0.816
mallet353_jpeg_jpg.rf.2e73d493f4c9c358355192524ff1b289.jpg,63,mallet,medium (1-5%),0.816
IMG_0127_JPG_jpg.rf.ec60c0a349f3cc9e24a5e7822e6f4137.jpg,40,bottle,large (>5%),0.816
t_bot_mal512_jpeg_jpg.rf.eb7c6995fe886af9602d6b8a536b3bb0.jpg,63,mallet,small (0.2-1%),0.816
c_mallet_9_JPG_jpg.rf.1ddc28f5edd05b8ad03014664b40a1f1.jpg,70,mallet,medium (1-5%),0.816
IMG_0500_JPG_jpg.rf.073fa66033505ae79dcc4a6a5cac1fe3.jpg,67,bottle,small (0.2-1%),0.816
IMG_0291_JPG_jpg.rf.87c48aae421afad2571eb51798867e45.jpg,40,bottle,small (0.2-1%),0.817
1literwidemouthwaterbottle2_jpeg_jpg.rf.0ef5c5c00f34e8d293274ed7c0c7d109.jpg,22,bottle,large (>5%),0.817
JPEG-image-207_jpeg_jpg.rf.b8288eb06d114fe4f02baf00f8e5f316.jpg,50,bottle,medium (1-5%),0.817
mallet1492_jpeg_jpg.rf.784e826a380b004334d2fdf0a79c1bd4.jpg,71,mallet,medium (1-5%),0.817
c_mallet_550_JPG_jpg.rf.2c18f698f3670ee24586529e228cc3f1.jpg,68,mallet,medium (1-5%),0.817
c_mallet_16_JPG_jpg.rf.6ed2065f40fd2d49930a9b7ecf25bffa.jpg,71,mallet,medium (1-5%),0.818
IMG_0646_JPG_jpg.rf.5e9fe982cea440090c81092f7f1ee89f.jpg,67,mallet,small (0.2-1%),0.818
hi_res-12-TheLoyalist_r1_04I_9401_jpg.rf.2d77bc3d80b1a984481be2ecf749b997.jpg,22,bottle,large (>5%),0.818
rubber-mallet-13059340_png_jpg.rf.8ef5abf36d68df59ebd6b03a36c4837b.jpg,13,mallet,large (>5%),0.818
mallet1243_jpeg_jpg.rf.8cb0ece72be366a3611e3fb6d1a04c5b.jpg,71,mallet,medium (1-5%),0.818
t_bot_mal696_jpeg_jpg.rf.fc35e149038c26bac2964112f6e8beb4.jpg,70,mallet,medium (1-5%),0.818
mallet487_jpeg_jpg.rf.96d9b7d9f1761c77fbbcc64345890e21.jpg,71,mallet,large (>5%),0.819
JPEG-image-217_jpeg_jpg.rf.850db5e2746cf6ca1d957a1964c857b8.jpg,50,bottle,small (0.2-1%),0.819
20231021_174548_jpg.rf.32ea738d0c632845c1b60b8c1a9710e3.jpg,87,mallet,small (0.2-1%),0.820
20231021_174805_jpg.rf.ab2e15e24bc60503e155fe99b1cb42f0.jpg,89,mallet,medium (1-5%),0.820
mallet718_jpeg_jpg.rf.fb14802c8bac8a3c4cc15511a61e83ba.jpg,63,mallet,tiny (<0.2% of image),0.820
t_bot_mal15_jpeg_jpg.rf.b434aea62338b0a82c05c4c1f7112e08.jpg,39,bottle,medium (1-5%),0.821
20231021_174001_jpg.rf.1f67d757662cccfd5d6f5535335001ba.jpg,83,mallet,medium (1-5%),0.821
JPEG-image-231_jpeg_jpg.rf.9ffc2c8ba11c0b53580f30c238ab928c.jpg,46,mallet,small (0.2-1%),0.821
IMG_0494_JPG_jpg.rf.68a19372b85d250fc1fa190d9a8d8080.jpg,50,bottle,medium (1-5%),0.822
IMG_0355_JPG_jpg.rf.9756e3545b6e2cfa8c49a797e2573800.jpg,40,bottle,medium (1-5%),0.823
t_bot_mal309_jpeg_jpg.rf.9ed808cf5594af863f7af40900c61b21.jpg,41,bottle,small (0.2-1%),0.823
c_mallet_1048_JPG_jpg.rf.ca25ad2b1938aeb6598bfcb246fff5e1.jpg,70,mallet,medium (1-5%),0.823
IMG_0645_JPG_jpg.rf.8c1971d75dbe46044f2d3516f5145851.jpg,67,bottle,small (0.2-1%),0.823
JPEG-image-196_jpeg_jpg.rf.a1f292e012dcecfbd2fef2ed1e1ff89a.jpg,47,bottle,small (0.2-1%),0.823
IMG_0409_JPG_jpg.rf.926f5fed953ac5403eea324a99c0b82c.jpg,40,bottle,small (0.2-1%),0.823
mallet834_jpeg_jpg.rf.0d2e542dab594375aabe5db57353ee64.jpg,70,mallet,small (0.2-1%),0.823
t_bot_mal712_jpeg_jpg.rf.1ef77756c3715c0af5ec77af064fbd09.jpg,71,mallet,large (>5%),0.824
t_bot_mal533_jpeg_jpg.rf.5f822518c1fd9669ad248b15c6d37c14.jpg,70,mallet,medium (1-5%),0.825
JPEG-image-200_jpeg_jpg.rf.6de6a6ef047c204c82ea90df9bb965bb.jpg,50,bottle,small (0.2-1%),0.825
20231021_175245_jpg.rf.651b100daacecd0be5110884e91eff16.jpg,87,mallet,small (0.2-1%),0.825
mallet1625_jpeg_jpg.rf.2da07fa00ad9c15c5f8bb1d470361218.jpg,71,mallet,medium (1-5%),0.826
c_mallet_1239_JPG_jpg.rf.1fa98acedb1bb3efa1c8498eede009a3.jpg,70,mallet,small (0.2-1%),0.826
20231021_173553_jpg.rf.bfb1d778636a8f81ea3d7d4e19d1f655.jpg,88,mallet,medium (1-5%),0.826
IMG_4525_jpg.rf.70209c61e0a75fc1eb2aef5c20879022.jpg,31,bottle,medium (1-5%),0.826
y2mate_com-The-Worlds-Best-Water-Bottle-Nalgene-Wide-Mouth-32-Oz_1080p_mp4-312_jpg.rf.f8dda89880b6a9b97eb31471163a73ab.jpg,28,bottle,large (>5%),0.826
t_bot_mal619_jpeg_jpg.rf.5aba54e082b3fbd8691ed64568dec928.jpg,71,mallet,large (>5%),0.828
mallet261_jpeg_jpg.rf.e9e4c2f9039140b61d3407c43d4ebfa0.jpg,63,mallet,small (0.2-1%),0.828
t_bot_mal124_jpeg_jpg.rf.4f1159f9b133fead4f1c26b1f66f8bbd.jpg,41,bottle,medium (1-5%),0.828
mallet661_jpeg_jpg.rf.61730de1a513d7cdf631291d03a93e90.jpg,70,mallet,small (0.2-1%),0.828
t_bot_mal672_jpeg_jpg.rf.c4221697e2129be6fd1ac8ed0e93d765.jpg,70,mallet,medium (1-5%),0.828
73_jpg.rf.09fbd2bba27de96e1feda839cc70fd32.jpg,31,bottle,small (0.2-1%),0.828
IMG_0408_JPG_jpg.rf.69b231f5bef8000dca6faea7c7106e0b.jpg,40,bottle,small (0.2-1%),0.828
t_bot_mal193_jpeg_jpg.rf.ad5c23d993c3e60bdf971c105c54c713.jpg,41,bottle,small (0.2-1%),0.829
t_bot_mal685_jpeg_jpg.rf.883b413f60a6a5af4c70199c81624844.jpg,71,mallet,medium (1-5%),0.829
JPEG-image-13_jpeg_jpg.rf.a0f05419c76f4dd15fec9cf483610039.jpg,47,mallet,medium (1-5%),0.829
t_bot_mal763_jpeg_jpg.rf.3e92ecedf1586aa4355257f384d91565.jpg,71,mallet,medium (1-5%),0.829
t_bot_mal143_jpeg_jpg.rf.d31b9ebf7f789f9646e002ce51d4fc0a.jpg,39,bottle,large (>5%),0.830
c_mallet_1290_JPG_jpg.rf.085f0ae91e362bc1ea9e25ec71543ddf.jpg,64,mallet,small (0.2-1%),0.830
1literwidemouthwaterbottle40_jpeg_jpg.rf.d96f3b06279f07781bfb232a8e1c34b4.jpg,22,bottle,large (>5%),0.830
mallet-video-Trim_mp4-39_jpg.rf.5a8e0b04356b4e3b15af8b419edcf6a1.jpg,26,mallet,large (>5%),0.830
c_mallet_59_JPG_jpg.rf.925f485b5b9b49f5c36048c69f1491a4.jpg,63,mallet,small (0.2-1%),0.831
y2mate_com-The-Worlds-Best-Water-Bottle-Nalgene-Wide-Mouth-32-Oz_1080p_mp4-174_jpg.rf.b5195029b610dfca6b4cd11194614f4c.jpg,28,bottle,large (>5%),0.831
20231021_172820_jpg.rf.9e4ca1a03580c3d183485cc337b338ee.jpg,80,mallet,large (>5%),0.831
c_mallet_716_JPG_jpg.rf.5b30c51700a3e2737c8a5726602ba02b.jpg,64,mallet,small (0.2-1%),0.831
t_bot_mal532_jpeg_jpg.rf.b45c94be0529a6fedc565dac1e6fcae0.jpg,71,mallet,medium (1-5%),0.831
JPEG-image-203_jpeg_jpg.rf.ff232a824dce00f19574ab9b835f6450.jpg,46,bottle,medium (1-5%),0.831
mallet819_jpeg_jpg.rf.2143bb08a5334b66d6fbf9c12386e219.jpg,63,mallet,small (0.2-1%),0.832
20231021_173119_jpg.rf.c96d6b03e6e0c0e3474ca3d01094510d.jpg,80,mallet,large (>5%),0.832
c_mallet_709_JPG_jpg.rf.3dae64d3513a6c7208eb6fb59fe46d25.jpg,68,bottle,small (0.2-1%),0.832
c_mallet_91_JPG_jpg.rf.633a99a0fa8aae64615aff722013368d.jpg,71,mallet,medium (1-5%),0.832
mallet1181_jpeg_jpg.rf.5b247122dc210090ca7f6213f9cc383c.jpg,65,mallet,tiny (<0.2% of image),0.832
c_mallet_198_JPG_jpg.rf.65e6a938f2c6c324f501cfa6f6b036dd.jpg,70,mallet,medium (1-5%),0.832
mallet1677_jpeg_jpg.rf.252620a0b838ac2797eb893c8864012f.jpg,71,mallet,medium (1-5%),0.833
IMG_0368_JPG_jpg.rf.d2d54f524b52eb3c3a44c39abb4d4be9.jpg,40,bottle,small (0.2-1%),0.834
green_nalgene_vid_mp4-95_jpg.rf.0b64aa1582d29cf7e3d9c3ef938312fe.jpg,54,bottle,medium (1-5%),0.834
mallet777_jpeg_jpg.rf.7ec69b4a44b602ea75401b9feb1434c5.jpg,63,mallet,small (0.2-1%),0.834
20231021_173640_jpg.rf.bd5fe1a4cbc0b321caa5353f5c0450e5.jpg,85,mallet,small (0.2-1%),0.834
JPEG-image-204_jpeg_jpg.rf.b47d46540d6df5cb0b74944ac8ef5500.jpg,47,bottle,tiny (<0.2% of image),0.834
20231021_174459_jpg.rf.eb0ac631a4acf997a9df86a1c3848f20.jpg,87,mallet,medium (1-5%),0.835
mallet765_jpeg_jpg.rf.80d828220c8ae5bfe62f249cfb04d3e6.jpg,63,mallet,small (0.2-1%),0.835
IMG_0154_JPG_jpg.rf.d825b0c253c914f10d7a67c9fd120dd9.jpg,40,bottle,medium (1-5%),0.835
t_bot_mal23_jpeg_jpg.rf.a452165a5f3ac43c6d9db95f11fcff74.jpg,41,bottle,medium (1-5%),0.835
20231021_174503_jpg.rf.499fc26e52fc37b3da309a4a0aa6a510.jpg,87,mallet,medium (1-5%),0.836
183_jpg.rf.f2451572697eb092f8c52c93320a7d1c.jpg,75,bottle,small (0.2-1%),0.836
JPEG-image-249_jpeg_jpg.rf.ab3d1de8d4c762084106705686b88b98.jpg,50,bottle,small (0.2-1%),0.836
IMG_0513_JPG_jpg.rf.a4e9d43d4a5a7a4eacab22f4cbcae5e7.jpg,50,bottle,small (0.2-1%),0.836
mallet1146_jpeg_jpg.rf.592d4e8f6a861172f2dd3fdc05ff2c89.jpg,70,bottle,medium (1-5%),0.837
20231021_174531_jpg.rf.6f8412c756b23e1d624f0ae207fd896c.jpg,87,mallet,medium (1-5%),0.837
c_mallet_15_JPG_jpg.rf.b0d3adcd9dc2fc8462431da7de537395.jpg,68,mallet,medium (1-5%),0.837
nalgene_32oz_wide_mouth_sustain_water_bottle_asonalgenev2_p126843_jpeg_jpg.rf.a52687683f7ef23ddcfb9822b5e2d8ae.jpg,22,bottle,large (>5%),0.838
mallet364_jpeg_jpg.rf.ab6155f7b2f5ea8a14751734bbca92e5.jpg,63,mallet,medium (1-5%),0.839
1literwidemouthwaterbottle173_png_jpg.rf.fb9bcdae80e733bde0d622dd98a775ee.jpg,19,bottle,large (>5%),0.840
JPEG-image-228_jpeg_jpg.rf.2c5e3ea24ccd5671a308f2656cc55b2b.jpg,46,bottle,medium (1-5%),0.840
green_nalgene_vid_mp4-2_jpg.rf.19d57f48e61e763dc064cf8f03576701.jpg,17,bottle,large (>5%),0.840
t_bot_mal194_jpeg_jpg.rf.b2737c93cc4be013cf2ac282c66c5744.jpg,41,bottle,small (0.2-1%),0.840
JPEG-image-225_jpeg_jpg.rf.dcff07b1134e382bb8623819769fcab0.jpg,46,bottle,medium (1-5%),0.840
c_mallet_125_JPG_jpg.rf.3cac1fe98589158167fd0518578f84ec.jpg,70,mallet,medium (1-5%),0.840
JPEG-image-207_jpeg_jpg.rf.b8288eb06d114fe4f02baf00f8e5f316.jpg,50,bottle,small (0.2-1%),0.840
mallet1487_jpeg_jpg.rf.14523a4ced93cd8fe1826b4992d24a02.jpg,70,mallet,small (0.2-1%),0.840
JPEG-image-218_jpeg_jpg.rf.886f89985db3ba5ca4a33473797d0176.jpg,46,bottle,small (0.2-1%),0.841
IMG_0213_JPG_jpg.rf.2c6b68bb3c0bafbc8248059db4cad780.jpg,40,bottle,large (>5%),0.842
c_mallet_234_JPG_jpg.rf.fe580b46c4177ac722faa702d4894e1d.jpg,71,mallet,medium (1-5%),0.842
IMG_0432_JPG_jpg.rf.a0be0ce188e4e086c4e53dc399c85581.jpg,40,bottle,small (0.2-1%),0.843
c_mallet_143_JPG_jpg.rf.47a2c6ba67854e32d6e6c8c30223d5cd.jpg,71,mallet,medium (1-5%),0.843
t_bot_mal199_jpeg_jpg.rf.297c4b708911abc87c844090733d4c3c.jpg,41,bottle,small (0.2-1%),0.843
IMG_0398_JPG_jpg.rf.cac69201d90f583005809aa4347fc8ad.jpg,40,bottle,small (0.2-1%),0.843
IMG_0336_JPG_jpg.rf.b7b8b1a9f915b2c343daab31e8994302.jpg,40,bottle,medium (1-5%),0.843
IMG_0318_JPG_jpg.rf.aace23c1251a6a6fef34177e7217144f.jpg,40,bottle,medium (1-5%),0.843
IMG_0461_JPG_jpg.rf.ec0477141045ef6582350fb568755528.jpg,40,bottle,small (0.2-1%),0.844
c_mallet_1056_JPG_jpg.rf.21ea30fdb2a0a8cb3e1eaba2ca47efbf.jpg,71,mallet,medium (1-5%),0.844
t_bot_mal95_jpeg_jpg.rf.06ed635dbcecd34c77b74468faf7f0e3.jpg,41,bottle,medium (1-5%),0.844
IMG_0443_JPG_jpg.rf.4429cb167d3eb7ea309d73d1dc3a6a26.jpg,40,bottle,medium (1-5%),0.844
20231021_174417_jpg.rf.b2f93dc8ffb2a5c1a4de5c215a70a80b.jpg,88,mallet,small (0.2-1%),0.844
JPEG-image-216_jpeg_jpg.rf.cb1e508d39e35dd7e162f7f9fed8b840.jpg,46,mallet,small (0.2-1%),0.845
JPEG-image-207_jpeg_jpg.rf.b8288eb06d114fe4f02baf00f8e5f316.jpg,50,bottle,small (0.2-1%),0.845
4771-Nalgene-Blue-Side-copy-2_jpg.rf.1a7f9b8fd5fbdaf13dcbdcedbfb38eb1.jpg,22,bottle,large (>5%),0.845
IMG_0613_JPG_jpg.rf.3371282e495765fde78924f7b9034132.jpg,67,bottle,small (0.2-1%),0.845
t_bot_mal216_jpeg_jpg.rf.5ca19407cd8f009fde1dab3646743e6b.jpg,41,bottle,small (0.2-1%),0.846
c_mallet_808_JPG_jpg.rf.5490eb11801d7a76213fdcb6966e476c.jpg,71,mallet,medium (1-5%),0.846
JPEG-image-213_jpeg_jpg.rf.2b6c5fdba27607e96f87ea7587fe9156.jpg,46,bottle,medium (1-5%),0.846
JPEG-image-252_jpeg_jpg.rf.c6c5387305eb32298ffbd6d30ca40c3d.jpg,50,bottle,small (0.2-1%),0.846
c_mallet_378_JPG_jpg.rf.3e0551e4869567f23cddc9fb5b3bcbf7.jpg,68,mallet,large (>5%),0.846
y2mate_com-The-Worlds-Best-Water-Bottle-Nalgene-Wide-Mouth-32-Oz_1080p_mp4-173_jpg.rf.20e15e713fba6b763dc278630ca4e142.jpg,28,bottle,large (>5%),0.846
IMG_0455_JPG_jpg.rf.33cf0dc5f59564e8e965e9e535fe4e04.jpg,40,bottle,small (0.2-1%),0.846
IMG_0309_JPG_jpg.rf.2de5883d648e1f439011df26d626330b.jpg,40,bottle,medium (1-5%),0.847
t_bot_mal273_jpeg_jpg.rf.79a76c1ce3b2c3f2a9c0f487bd72fa73.jpg,41,bottle,small (0.2-1%),0.847
nalgene-2023-blue-on-blue_jpeg_jpg.rf.0a0dd948a9b45130481c9116d7bb5421.jpg,22,bottle,large (>5%),0.847
20231021_174924_jpg.rf.b715f395d101b7e7b4e50b8970887a3a.jpg,86,mallet,medium (1-5%),0.847
IMG_0313_JPG_jpg.rf.7c5450b5ee8b03d5d8d80c7cd288012b.jpg,40,bottle,medium (1-5%),0.848
IMG_0657_JPG_jpg.rf.0ed9b4cb1e65f78f9a0cdaeccc9aff09.jpg,71,mallet,medium (1-5%),0.848
20231021_175158_jpg.rf.67fccf5bc849f1464b3b4e71ae721a5b.jpg,88,mallet,medium (1-5%),0.848
IMG_0644_JPG_jpg.rf.cb2af9a8b3ccfaf6a3d5fe08015e0767.jpg,67,mallet,small (0.2-1%),0.848
t_bot_mal228_jpeg_jpg.rf.a1c2ed6bb1c3adbe5ede92ac49f8034a.jpg,41,bottle,small (0.2-1%),0.849
20231021_173326_jpg.rf.0ef9a1226384f9fdd011d03711cefe3c.jpg,86,mallet,small (0.2-1%),0.849
mallet669_jpeg_jpg.rf.ee3c03f71859a072c66ef488e0760111.jpg,63,mallet,small (0.2-1%),0.850
c_mallet_708_JPG_jpg.rf.2c208979706f14152d153743942820c6.jpg,68,mallet,medium (1-5%),0.850
IMG_4504_jpg.rf.a995b05e6067d7f6de758ae99aa68ea8.jpg,37,bottle,large (>5%),0.850
IMG_0386_JPG_jpg.rf.3850d33e5406cb19fbcd0ef418dfc7fc.jpg,40,bottle,small (0.2-1%),0.850
t_bot_mal374_jpeg_jpg.rf.8f678b322ba9d0365f0573c3c92dafb8.jpg,59,bottle,medium (1-5%),0.850
20231021_172706_jpg.rf.cf5923fb72d7eb9a87883d839a6ba5be.jpg,88,mallet,large (>5%),0.850
mallet982_jpeg_jpg.rf.7ab98909ce40c8982b1a1faca33124c8.jpg,68,mallet,medium (1-5%),0.851
JPEG-image-221_jpeg_jpg.rf.1e54e79947f5574bd5661956298342eb.jpg,46,bottle,small (0.2-1%),0.851
IMG_0151_JPG_jpg.rf.3d442c0926ab50f92803879920d8fbf1.jpg,40,bottle,small (0.2-1%),0.851
IMG_0431_JPG_jpg.rf.00f0de4a8541a7be26532767e99ed180.jpg,40,bottle,small (0.2-1%),0.851
t_bot_mal181_jpeg_jpg.rf.c572bc21e3877f5f06606517011d1d0e.jpg,41,bottle,small (0.2-1%),0.851
c_mallet_709_JPG_jpg.rf.3dae64d3513a6c7208eb6fb59fe46d25.jpg,68,mallet,medium (1-5%),0.852
c_mallet_212_JPG_jpg.rf.c47a39c53ee109bd7ef78a0279f9c930.jpg,71,mallet,medium (1-5%),0.852
mallet1494_jpeg_jpg.rf.7c7b2dedd4f0643f8ab5d64852d27087.jpg,62,mallet,small (0.2-1%),0.852
IMG_0619_JPG_jpg.rf.6083833e85591e71c68b0b58e35ce1a5.jpg,67,bottle,small (0.2-1%),0.852
mallet895_jpeg_jpg.rf.ab8df855dfc24b31f2a33ce1d144c931.jpg,64,mallet,small (0.2-1%),0.852
mallet701_jpeg_jpg.rf.c7176f186ddcd4a0746c9ade17045343.jpg,63,mallet,small (0.2-1%),0.853
nalgene-32oz-ffo-nalgene-bottle-2-colors-copy_jpeg_jpg.rf.ae7d6c685d6fed4f482db2ed460d5aca.jpg,22,bottle,large (>5%),0.853
t_bot_mal132_jpeg_jpg.rf.150f29ac63b4263666568f2aa6128de7.jpg,41,bottle,medium (1-5%),0.853
IMG_0381_JPG_jpg.rf.072736fa7c0f46e9ee5c5699ea2812c4.jpg,40,bottle,small (0.2-1%),0.854
1literwidemouthwaterbottle143_jpeg_jpg.rf.09edeeb0255404408183bc0e3be1f2cf.jpg,19,bottle,large (>5%),0.854
mallet1111_jpeg_jpg.rf.540e4f4d27f6a7baddf4c78518c1a43e.jpg,71,mallet,medium (1-5%),0.854
t_bot_mal348_jpeg_jpg.rf.033906ab499a1e43d330cca6eb11b1e9.jpg,41,bottle,small (0.2-1%),0.854
20231021_175132_jpg.rf.0e3677bfa57d0e7114bf76c6bbe5f64c.jpg,86,mallet,small (0.2-1%),0.854
mallet646_jpeg_jpg.rf.8f7afc51d2e4cf4410047e521fd7f452.jpg,68,mallet,medium (1-5%),0.855
IMG_0421_JPG_jpg.rf.5cffb73aa49ad5a3fe52aaccbd358ab4.jpg,40,bottle,small (0.2-1%),0.855
IMG_0338_JPG_jpg.rf.d2667a027c35500d871bd4d366a7327b.jpg,40,bottle,medium (1-5%),0.855
IMG_4505_jpg.rf.d2792aaaa6764b8e0223ec3ba8e2ce5f.jpg,37,bottle,large (>5%),0.855
IMG_0441_JPG_jpg.rf.baca479d5253c5c068a4073e092e8410.jpg,40,bottle,small (0.2-1%),0.855
20231021_172756_jpg.rf.0ba9f7aabf480a76680c26adce4eff68.jpg,88,mallet,large (>5%),0.855
JPEG-image-231_jpeg_jpg.rf.9ffc2c8ba11c0b53580f30c238ab928c.jpg,46,bottle,medium (1-5%),0.856
IMG_0194_JPG_jpg.rf.a370d0dca64bd630100fb3ceec6ccfab.jpg,40,bottle,medium (1-5%),0.856
t_bot_mal230_jpeg_jpg.rf.6a603134f73a9544de6f10130c8a5da7.jpg,41,bottle,small (0.2-1%),0.856
mallet413_jpeg_jpg.rf.d2431c04b04c2396b538de8e05a6703d.jpg,63,mallet,medium (1-5%),0.856
t_bot_mal616_jpeg_jpg.rf.7c2bf34ef685e05b47ebdbaac14fe209.jpg,71,mallet,medium (1-5%),0.856
c_mallet_559_JPG_jpg.rf.ef842fa612bf24af1637041cb60337c5.jpg,70,mallet,small (0.2-1%),0.857
NL0010-WEB1_iu4mfv-copy_jpeg_jpg.rf.5c2b75c4264af7f90c38e3dbe89ed418.jpg,22,bottle,large (>5%),0.857
IMG_0377_JPG_jpg.rf.6bb6cb88398c0afc114fb8b9b873fef3.jpg,40,bottle,small (0.2-1%),0.857
t_bot_mal222_jpeg_jpg.rf.a69cf1ff4eeebe76a82e3bdc5365aa18.jpg,41,bottle,small (0.2-1%),0.857
JPEG-image-200_jpeg_jpg.rf.6de6a6ef047c204c82ea90df9bb965bb.jpg,50,bottle,small (0.2-1%),0.857
t_bot_mal576_jpeg_jpg.rf.8a02a72b7c528b4dc9f8b783afcf0cad.jpg,70,mallet,small (0.2-1%),0.857
IMG_0159_JPG_jpg.rf.a90d0c69e794d6769bc9f61c81dd98fb.jpg,40,bottle,medium (1-5%),0.857
c_mallet_777_JPG_jpg.rf.c32f9bc9f7f79e76ba0a52c794fc8822.jpg,70,mallet,small (0.2-1%),0.857
162_jpg.rf.a266f41e04dda166368da7fd543cd8a0.jpg,75,bottle,small (0.2-1%),0.857
JPEG-image-250_jpeg_jpg.rf.6dbe29d506bf030e9e0d5fc4aace61cc.jpg,50,bottle,small (0.2-1%),0.857
IMG_0660_JPG_jpg.rf.807f625f1ab5c4167cbdac7910c3945a.jpg,71,mallet,medium (1-5%),0.858
mallet411_jpeg_jpg.rf.788df2e4970d4523d971b292cfdf0f28.jpg,63,mallet,small (0.2-1%),0.858
a2408651_jpeg_jpg.rf.1156f6efb54edd234d0290a178071d99.jpg,19,bottle,large (>5%),0.858
JPEG-image-205_jpeg_jpg.rf.da3d4ef941d7513f796e86596ec3d4d3.jpg,46,bottle,medium (1-5%),0.859
mallet1146_jpeg_jpg.rf.592d4e8f6a861172f2dd3fdc05ff2c89.jpg,70,mallet,small (0.2-1%),0.859
JPEG-image-204_jpeg_jpg.rf.b47d46540d6df5cb0b74944ac8ef5500.jpg,47,bottle,tiny (<0.2% of image),0.859
JPEG-image-218_jpeg_jpg.rf.886f89985db3ba5ca4a33473797d0176.jpg,46,bottle,small (0.2-1%),0.859
48-oz-gohunt-wide-mouth-nalgene_1200x-copy-2_jpg.rf.90387a7d6a86fad992ba820fca7e8c50.jpg,22,bottle,large (>5%),0.859
mallet340_jpeg_jpg.rf.acf72c343b9953156b3931bfeefc3d74.jpg,63,mallet,small (0.2-1%),0.859
20231021_173956_jpg.rf.c435ab3e5461a521ef2035a8c323f5e6.jpg,83,mallet,medium (1-5%),0.859
IMG_0359_JPG_jpg.rf.558a221a1d0e472e290f98da62b32970.jpg,40,bottle,small (0.2-1%),0.859
IMG_0396_JPG_jpg.rf.676fbe54d22a209fe82cf3eba6e2d460.jpg,40,bottle,small (0.2-1%),0.859
20231021_175031_jpg.rf.83a40933cf51bec6de6cca7cc8cf8e05.jpg,89,mallet,small (0.2-1%),0.860
20231021_174507_jpg.rf.0f494acffc4763a1531fc9cdb849ab9c.jpg,87,mallet,medium (1-5%),0.860
IMG_0202_JPG_jpg.rf.9c072a6e9f2406c2ddff2fae538e3a7a.jpg,40,bottle,medium (1-5%),0.861
JPEG-image-216_jpeg_jpg.rf.cb1e508d39e35dd7e162f7f9fed8b840.jpg,46,bottle,tiny (<0.2% of image),0.861
t_bot_mal258_jpeg_jpg.rf.502ff08d9b6fec89916a40adf208bd32.jpg,41,bottle,small (0.2-1%),0.861
20231021_173602_jpg.rf.464f57387deb297639765ad39caf0bfd.jpg,85,mallet,small (0.2-1%),0.862
t_bot_mal765_jpeg_jpg.rf.ff2e3a4c12e3297b6a8aeef37be0de46.jpg,71,mallet,large (>5%),0.862
JPEG-image-207_jpeg_jpg.rf.b8288eb06d114fe4f02baf00f8e5f316.jpg,50,bottle,small (0.2-1%),0.862
y2mate_com-The-Worlds-Best-Water-Bottle-Nalgene-Wide-Mouth-32-Oz_1080p_mp4-121_jpg.rf.10f0b17b8e1190ebcdcaef19affdc42d.jpg,28,bottle,large (>5%),0.862
JPEG-image-14_jpeg_jpg.rf.17d6acfc0686c706988e5d614698a372.jpg,47,mallet,small (0.2-1%),0.862
mallet1244_jpeg_jpg.rf.4503f8fd562fd5ab70627979a964dc44.jpg,70,mallet,medium (1-5%),0.863
y2mate_com-The-Worlds-Best-Water-Bottle-Nalgene-Wide-Mouth-32-Oz_1080p_mp4-16_jpg.rf.859a2692825968496946e542e4f6fdbc.jpg,28,bottle,large (>5%),0.863
IMG_0516_JPG_jpg.rf.4e3cbede6e7271c3aaf90c1e711784b4.jpg,59,bottle,medium (1-5%),0.863
mallet1098_jpeg_jpg.rf.1a55e66ec6f68decadd3c4e0ae187d24.jpg,65,mallet,small (0.2-1%),0.863
JPEG-image-203_jpeg_jpg.rf.ff232a824dce00f19574ab9b835f6450.jpg,46,bottle,medium (1-5%),0.863
t_bot_mal227_jpeg_jpg.rf.8a29a643c9cdebfda28be31e8d9f0f44.jpg,41,bottle,small (0.2-1%),0.863
IMG_0380_JPG_jpg.rf.5d1ce874fcf8aa55229498c28da0b7fb.jpg,40,bottle,medium (1-5%),0.864
IMG_4497_jpg.rf.eaeabd0a0830d9a2b4a96849d209f3b5.jpg,32,bottle,large (>5%),0.864
t_bot_mal388_jpeg_jpg.rf.71882042d0197cd975f9491dc3c5ed46.jpg,39,bottle,large (>5%),0.864
t_bot_mal190_jpeg_jpg.rf.470ad47dbbbb84b9507e693f647c5a81.jpg,41,bottle,small (0.2-1%),0.864
214_jpg.rf.6c565eae49117e34ceb5ab7d67aa1c8f.jpg,75,bottle,small (0.2-1%),0.864
JPEG-image-225_jpeg_jpg.rf.dcff07b1134e382bb8623819769fcab0.jpg,46,bottle,medium (1-5%),0.864
mallet1163_jpeg_jpg.rf.e1f577389d7783455fcf577129c7554c.jpg,70,mallet,small (0.2-1%),0.865
green_nalgene_vid_mp4-187_jpg.rf.6ca6a862186735408f13c9da0087f41f.jpg,29,bottle,large (>5%),0.865
t_bot_mal603_jpeg_jpg.rf.d2c4628715187fea49f0d75e8e0cd9e1.jpg,71,mallet,medium (1-5%),0.866
y2mate_com-The-Worlds-Best-Water-Bottle-Nalgene-Wide-Mouth-32-Oz_1080p_mp4-154_jpg.rf.eb225512d528d76904a470338db6a6a5.jpg,28,bottle,large (>5%),0.866
nalgene_2_bather-copy-2_jpg.rf.13d5c01627805b6d6c26a69d927c1f5c.jpg,19,bottle,large (>5%),0.866
c_mallet_220_JPG_jpg.rf.4968e334058d774886d900d176fedb45.jpg,70,mallet,medium (1-5%),0.866
IMG_0210_JPG_jpg.rf.ecded955b01a19760fb220e065124208.jpg,40,bottle,medium (1-5%),0.866
IMG_0345_JPG_jpg.rf.adfbcf2653dbf946ddb67b9bd46c67fe.jpg,40,bottle,medium (1-5%),0.866
IMG_0434_JPG_jpg.rf.609bdffe040aa60277d5ba50ab4f2380.jpg,40,bottle,small (0.2-1%),0.867
1literwidemouthwaterbottle193_jpeg_jpg.rf.09dce0d1e2908bd072f971d41a6a23f6.jpg,19,bottle,large (>5%),0.867
t_bot_mal250_jpeg_jpg.rf.4a0a9ca2824ba92aa4d7925a87773e5d.jpg,41,bottle,medium (1-5%),0.867
20231021_174533_jpg.rf.aa84f44d2a50f56bd39fd9e6c31ac891.jpg,87,mallet,medium (1-5%),0.867
20231021_175116_jpg.rf.3f3adbca97c5b7cde78fb1997261a560.jpg,88,mallet,medium (1-5%),0.867
20231021_173806_jpg.rf.ee79c062f2f2e9115373811f83c81361.jpg,85,mallet,medium (1-5%),0.867
Untitled-drawing-44_jpg.rf.d3184add65cdc03dfd15c7a5760c8ccb.jpg,13,bottle,medium (1-5%),0.867
01_THEWATERBOTTLE_jpg.rf.c0b1077299e9a8036b6b6cb5c99ec741.jpg,22,bottle,large (>5%),0.868
c_mallet_158_JPG_jpg.rf.4e0beb656b19bb147307d74ab87cae09.jpg,70,mallet,medium (1-5%),0.868
t_bot_mal344_jpeg_jpg.rf.54b07a2f9fc049e135f8e7d902d2907f.jpg,41,bottle,small (0.2-1%),0.869
Untitled-drawing-12_jpg.rf.494ecd0c63857fe602291fbb9493bef9.jpg,13,bottle,medium (1-5%),0.869
c_mallet_674_JPG_jpg.rf.61eaee53e18e289f8d2c0bb2c62e3083.jpg,70,mallet,medium (1-5%),0.869
mallet839_jpeg_jpg.rf.d37aa8bdc290078c3a292e5d5833c08b.jpg,70,mallet,medium (1-5%),0.869
c_mallet_244_JPG_jpg.rf.8d3063de56ad0f34c938002fb8898d30.jpg,71,mallet,large (>5%),0.870
mallet307_jpeg_jpg.rf.96e6af170aa10ae0afa9e785bb7c27ea.jpg,71,mallet,large (>5%),0.870
IMG_0430_JPG_jpg.rf.4cb55b602b05592ebbfc4e509dec9bd6.jpg,40,bottle,small (0.2-1%),0.870
mallet1255_jpeg_jpg.rf.66d6fcea9bd1ecef10c117553e7dc2fc.jpg,70,mallet,small (0.2-1%),0.870
IMG_0281_JPG_jpg.rf.2cbe77ff1d4edab5fe107b050d3ba2ae.jpg,40,bottle,medium (1-5%),0.871
c_mallet_162_JPG_jpg.rf.b5d5e03adda80dd13a4af6e145df59d8.jpg,70,mallet,medium (1-5%),0.871
IMG_0392_JPG_jpg.rf.83a890a0b4f41cbaa06b05a67591e695.jpg,40,bottle,small (0.2-1%),0.871
mallet486_jpeg_jpg.rf.ea19a80f5df24d3ef2d23b5aff550aa2.jpg,71,mallet,large (>5%),0.872
mallet438_jpeg_jpg.rf.0551917ec9c62cc1b8dde857c23ec69e.jpg,63,mallet,small (0.2-1%),0.872
IMG_4489_jpg.rf.5ba51c74e70cf7a85279da9e998d6ccf.jpg,33,bottle,large (>5%),0.872
y2mate_com-The-Worlds-Best-Water-Bottle-Nalgene-Wide-Mouth-32-Oz_1080p_mp4-211_jpg.rf.0d0ec696593c816d3ab28743cfa867a8.jpg,28,bottle,large (>5%),0.872
IMG_0391_JPG_jpg.rf.41910ac953f6036d0ac7f759d34fb5f7.jpg,40,bottle,medium (1-5%),0.872
mallet-video-Trim_mp4-25_jpg.rf.fe5656dc53d8bfa8a51b005bd109c4ba.jpg,26,mallet,large (>5%),0.872
t_bot_mal257_jpeg_jpg.rf.292237ec3d478484ff9b3e513d0832ee.jpg,43,bottle,small (0.2-1%),0.873
IMG_0462_JPG_jpg.rf.c55aeaa2595434f5481be65bc70f7f1e.jpg,40,bottle,medium (1-5%),0.873
20231021_174521_jpg.rf.ae56e9fe45ffd36f0653350025ec0ab8.jpg,87,mallet,medium (1-5%),0.873
1literwidemouthwaterbottle190_jpeg_jpg.rf.3e87414a81109cb4743b09776641e2bb.jpg,18,bottle,large (>5%),0.874
61w50UuDJkL-_AC_UF1000-1000_QL80_-copy-3_jpeg_jpg.rf.5d3af24073f47076a962f6c82fa69976.jpg,22,bottle,large (>5%),0.874
JPEG-image-231_jpeg_jpg.rf.9ffc2c8ba11c0b53580f30c238ab928c.jpg,46,bottle,small (0.2-1%),0.874
IMG_0315_JPG_jpg.rf.e91ff78cf009204779f025c90e700b6d.jpg,40,bottle,medium (1-5%),0.875
20231021_174500_jpg.rf.86bf590a41c945da349d1e47959ea0ef.jpg,87,mallet,medium (1-5%),0.875
t_bot_mal38_jpeg_jpg.rf.64f1ec480ebd92b7ec69a9d37e4f66ad.jpg,41,bottle,small (0.2-1%),0.875
IMG_0285_JPG_jpg.rf.db6286d68d47d481d3c73954a0d74e30.jpg,40,bottle,medium (1-5%),0.875
Nalgene-Ultralite-Wide-Mouth-16oz-32oz-48oz__39727-copy_jpg.rf.f5214c2c2d9d254a60ca23a971da57b1.jpg,22,bottle,large (>5%),0.875
IMG_0108_JPG_jpg.rf.b87392c2b8d7c3c85edac1b0dfbf0dbf.jpg,40,bottle,large (>5%),0.876
Nalgene-Ultralite-Wide-Mouth-16oz-32oz-48oz__39727-copy_jpg.rf.f5214c2c2d9d254a60ca23a971da57b1.jpg,22,bottle,large (>5%),0.876
nalgene-32oz-ffo-nalgene-bottle-2-colors_jpeg_jpg.rf.ee06439d25fc0cf3795e0b504ebbdee0.jpg,19,bottle,large (>5%),0.876
c_mallet_1014_JPG_jpg.rf.f95a675ae27c47f51f7288bebedfd26e.jpg,64,mallet,small (0.2-1%),0.876
IMG_0423_JPG_jpg.rf.a3d73dcd02ec298df36819b1274c9425.jpg,40,bottle,small (0.2-1%),0.876
IMG_0363_JPG_jpg.rf.3913d556bae3b6225fb71ee0fca47088.jpg,40,bottle,small (0.2-1%),0.877
IMG_0245_JPG_jpg.rf.bce6387324244f61cc40bdca10b82ed1.jpg,40,bottle,large (>5%),0.877
c_mallet_68_JPG_jpg.rf.3bd63de7cbda522821e9041805400b3d.jpg,70,mallet,medium (1-5%),0.877
t_bot_mal263_jpeg_jpg.rf.5eb26379fa36ff5ef2073d0d1fbea9e7.jpg,41,bottle,small (0.2-1%),0.877
mallet694_jpeg_jpg.rf.3cf51a8ca689519e1f3f6273f4a730f8.jpg,70,mallet,small (0.2-1%),0.877
mallet773_jpeg_jpg.rf.2270802cb692c3de651417246c2d24f3.jpg,70,mallet,medium (1-5%),0.877
1literwidemouthwaterbottle234_jpeg_jpg.rf.62e4e14650b7e6167b05fcd1a369b692.jpg,22,bottle,large (>5%),0.878
IMG_0646_JPG_jpg.rf.5e9fe982cea440090c81092f7f1ee89f.jpg,67,bottle,small (0.2-1%),0.878
t_bot_mal213_jpeg_jpg.rf.c557d7c186d73769732be8c4a2e76df5.jpg,41,bottle,small (0.2-1%),0.878
IMG_0156_JPG_jpg.rf.a55d76e281a9164b76b21d1d00191a60.jpg,40,bottle,medium (1-5%),0.879
IMG_0433_JPG_jpg.rf.c6c1210f21203d4612fefec42261c9d9.jpg,40,bottle,small (0.2-1%),0.879
IMG_0164_JPG_jpg.rf.8ad73bfae2e09712dd8e8c8b718e7374.jpg,40,bottle,medium (1-5%),0.879
a2408651-copy-2_jpeg_jpg.rf.12835aedcbd481831fd632d9edd65ef1.jpg,19,bottle,large (>5%),0.879
mallet328_jpeg_jpg.rf.e420eebfa55a1aa70584c525383a19ff.jpg,63,mallet,small (0.2-1%),0.879
mallet411_jpeg_jpg.rf.788df2e4970d4523d971b292cfdf0f28.jpg,63,bottle,small (0.2-1%),0.879
c_mallet_708_JPG_jpg.rf.2c208979706f14152d153743942820c6.jpg,68,bottle,small (0.2-1%),0.880
t_bot_mal141_jpeg_jpg.rf.07b08cbfbcc3bae98e61ea7ff0a07703.jpg,39,bottle,large (>5%),0.880
IMG_0644_JPG_jpg.rf.cb2af9a8b3ccfaf6a3d5fe08015e0767.jpg,67,bottle,small (0.2-1%),0.880
IMG_0284_JPG_jpg.rf.05c12d76da7b19eff4b67eb6907784e0.jpg,40,bottle,small (0.2-1%),0.880
JPEG-image-215_jpeg_jpg.rf.87ad19751c54bb832cedba08eaad6224.jpg,50,bottle,small (0.2-1%),0.880
IMG_4537_jpg.rf.04c9facbd082e7c1cebe54989316f5df.jpg,31,bottle,large (>5%),0.881
y2mate_com-The-Worlds-Best-Water-Bottle-Nalgene-Wide-Mouth-32-Oz_1080p_mp4-170_jpg.rf.132a21e617fd3bd7c8031d9b882347c0.jpg,28,bottle,large (>5%),0.881
t_bot_mal3_jpeg_jpg.rf.b9bba02a16cccf7dcd4e822b0a735da4.jpg,40,bottle,large (>5%),0.881
t_bot_mal353_jpeg_jpg.rf.bc5bc00b9109dc0edb33acd3332bfd76.jpg,41,bottle,small (0.2-1%),0.881
51_jpg.rf.48c165b8905b63697c55d7bd79197065.jpg,75,bottle,small (0.2-1%),0.882
t_bot_mal491_jpeg_jpg.rf.29f8d254fdafcad42b1b845a1747e290.jpg,71,bottle,large (>5%),0.882
c_mallet_806_JPG_jpg.rf.d11bcc9cd30b8af34f237b0454be8f9e.jpg,72,mallet,medium (1-5%),0.883
IMG_0203_JPG_jpg.rf.8473686a0f22caa6081c135cda5725e2.jpg,40,bottle,medium (1-5%),0.883
IMG_0120_JPG_jpg.rf.2bdb024b874835d563d340e2696c7051.jpg,40,bottle,large (>5%),0.883
IMG_0152_JPG_jpg.rf.aa5ba84caa520490ba446c6687fb50b8.jpg,40,bottle,medium (1-5%),0.883
mallet479_jpeg_jpg.rf.2c6dcf77b1fecd5ec7e1baf7f53e9712.jpg,63,mallet,large (>5%),0.883
mallet805_jpeg_jpg.rf.b30383f21073010498db2c0a6c0e67e0.jpg,63,mallet,small (0.2-1%),0.884
20231021_173535_jpg.rf.753e662fa9ed4d99d33ac3eeb0b3e9de.jpg,85,mallet,small (0.2-1%),0.884
c_mallet_60_JPG_jpg.rf.d6f65a0ef15d7e239e04cbb34b46d15e.jpg,63,mallet,small (0.2-1%),0.884
IMG_0347_JPG_jpg.rf.382f821607d33b6d94d5ccfa80882853.jpg,40,bottle,medium (1-5%),0.884
t_bot_mal670_jpeg_jpg.rf.24f3b92676ac26463d39e39e099e1c7a.jpg,70,mallet,medium (1-5%),0.884
20231021_174352_jpg.rf.e3ca8dd38258e2ebaf4a7f85cd7b0851.jpg,88,mallet,small (0.2-1%),0.884
Screenshot-2024-05-28-at-10-02-26-AM-copy-2_png_jpg.rf.061309ff37fa3b023ea140bab9caa8ca.jpg,19,bottle,large (>5%),0.884
mallet360_jpeg_jpg.rf.f3db6fc7f9f9ae7ae2bff4a7151214b7.jpg,63,mallet,medium (1-5%),0.885
t_bot_mal139_jpeg_jpg.rf.d9eb2530f8fcb12effbb242060506131.jpg,39,bottle,large (>5%),0.885
JPEG-image-231_jpeg_jpg.rf.9ffc2c8ba11c0b53580f30c238ab928c.jpg,46,bottle,small (0.2-1%),0.886
IMG_4534_jpg.rf.d7a16725b34d6588a2a4018bfd6bd632.jpg,34,bottle,large (>5%),0.886
t_bot_mal253_jpeg_jpg.rf.ae137ccacaed137066c3cc448771caab.jpg,41,bottle,small (0.2-1%),0.886
c_mallet_482_JPG_jpg.rf.8850346d25bc2410695d38f03e1eb0b8.jpg,65,mallet,small (0.2-1%),0.886
IMG_0362_JPG_jpg.rf.c0af04753793d485b2015aadc65cfe0f.jpg,40,bottle,medium (1-5%),0.886
t_bot_mal21_jpeg_jpg.rf.16d43ebc4e16da3d5467c486f57efb78.jpg,39,bottle,large (>5%),0.886
t_bot_mal156_jpeg_jpg.rf.24a239e28ae12f5889f8778764f76ecc.jpg,39,bottle,large (>5%),0.886
mallet1216_jpeg_jpg.rf.6ac3f516e92011a0478c7a88e2c2c024.jpg,65,mallet,small (0.2-1%),0.886
IMG_0305_JPG_jpg.rf.565837a8ab9dfe8f73912ba16a4fa315.jpg,40,bottle,medium (1-5%),0.887
IMG_0101_JPG_jpg.rf.9cadb6c3affa7c287c1aae3736c15dc7.jpg,40,bottle,large (>5%),0.887
t_bot_mal839_jpeg_jpg.rf.93602eb6cb4f504ef1dad34696bc5d7d.jpg,71,mallet,large (>5%),0.887
IMG_0171_JPG_jpg.rf.1863fc5a51b15fb2431a2464cb4a95bf.jpg,40,bottle,small (0.2-1%),0.887
IMG_0209_JPG_jpg.rf.0b908d7bc29b9348bacebe80ef03c187.jpg,40,bottle,medium (1-5%),0.887
t_bot_mal30_jpeg_jpg.rf.2deb48368d4798e8a2c013c1761a08a4.jpg,41,bottle,medium (1-5%),0.888
IMG_4521_jpg.rf.1a46989e24682045994c50f6f5b73321.jpg,33,bottle,large (>5%),0.888
23_jpg.rf.a778a84fb43dd289c2b84e80bdf47179.jpg,74,bottle,medium (1-5%),0.888
mallet1661_jpeg_jpg.rf.e76a3c818516561a10fa7e1fed39a59c.jpg,70,mallet,medium (1-5%),0.888
20231021_172802_jpg.rf.2e24443a6b37823a52bcc500461b2efb.jpg,88,mallet,large (>5%),0.889
78_jpg.rf.4c2a0d8756552ea235f53f11776db2f3.jpg,75,bottle,small (0.2-1%),0.889
20231021_173503_jpg.rf.235903424bbafac9d641c15685f88175.jpg,86,mallet,small (0.2-1%),0.889
20231021_175039_jpg.rf.9f812146f355f770e163b868f2adea13.jpg,86,mallet,medium (1-5%),0.889
c_mallet_779_JPG_jpg.rf.4653eacb1442c640fa1ba498c40b2a95.jpg,70,mallet,small (0.2-1%),0.889
JPEG-image-213_jpeg_jpg.rf.2b6c5fdba27607e96f87ea7587fe9156.jpg,46,bottle,small (0.2-1%),0.889
1literwidemouthwaterbottle199_jpeg_jpg.rf.69f2d022a0a18fb6b03ec0cb801d5ab4.jpg,34,bottle,large (>5%),0.890
t_bot_mal804_jpeg_jpg.rf.c06e77b889df2f0a66911935de39d7c8.jpg,69,mallet,medium (1-5%),0.890
102_jpg.rf.b041de1266820fe72957e23561c11f4a.jpg,31,bottle,medium (1-5%),0.890
82_jpg.rf.6f5a2ad4b402f010d50ef43b6c4e12c3.jpg,31,bottle,small (0.2-1%),0.890
20231021_174312_jpg.rf.89f0b5562aacef2bc88a686bbcb15039.jpg,88,mallet,medium (1-5%),0.890
IMG_0199_JPG_jpg.rf.de81ddbfe4955a9325555b50b4b485bf.jpg,40,bottle,medium (1-5%),0.890
IMG_4536_jpg.rf.f04a55cd66f36dd2d697825f00f78d41.jpg,31,bottle,medium (1-5%),0.891
IMG_0258_JPG_jpg.rf.6c9eefd1f2bc98bbf608ceff99130ec0.jpg,40,bottle,medium (1-5%),0.891
20231021_174347_jpg.rf.9a80927c92a4c5d6b3e26a52bd23f3cb.jpg,88,mallet,medium (1-5%),0.891
IMG_0298_JPG_jpg.rf.0465568f4a7ed1acce6b4b84dd33b75f.jpg,40,bottle,medium (1-5%),0.891
t_bot_mal629_jpeg_jpg.rf.575f0c883ba3acddd73cdab9709c5a8d.jpg,63,mallet,small (0.2-1%),0.891
c_mallet_1059_JPG_jpg.rf.a8c4bd508acf493b61950e5ce2913d05.jpg,70,mallet,medium (1-5%),0.891
mallet1215_jpeg_jpg.rf.b6801e3a7506e7874fb01cf987ff7c06.jpg,65,mallet,small (0.2-1%),0.891
y2mate_com-The-Worlds-Best-Water-Bottle-Nalgene-Wide-Mouth-32-Oz_1080p_mp4-162_jpg.rf.c579c8c037ea1be56f39a3db14586759.jpg,28,bottle,large (>5%),0.892
mallet385_jpeg_jpg.rf.de31f44cb6d67a1ae4289c29cf3dab5c.jpg,63,bottle,small (0.2-1%),0.892
IMG_0262_JPG_jpg.rf.e12f7cf6dec234c477e9adf1e37eaba6.jpg,40,bottle,small (0.2-1%),0.893
JPEG-image-213_jpeg_jpg.rf.2b6c5fdba27607e96f87ea7587fe9156.jpg,46,bottle,medium (1-5%),0.893
IMG_1055-scaled-copy-2_jpg.rf.224e11a2f6816dcacb0f1bf31df1e938.jpg,22,bottle,large (>5%),0.893
IMG_0264_JPG_jpg.rf.a1d144628268e2c39835224b399a3845.jpg,40,bottle,small (0.2-1%),0.893
IMG_0116_JPG_jpg.rf.199fbf05824910649163a6ade50bb8d9.jpg,40,bottle,medium (1-5%),0.893
JPEG-image-200_jpeg_jpg.rf.6de6a6ef047c204c82ea90df9bb965bb.jpg,50,bottle,medium (1-5%),0.894
mallet1440_jpeg_jpg.rf.7d5f4441ca6158c1ec032fd62498d761.jpg,65,mallet,small (0.2-1%),0.894
IMG_0144_JPG_jpg.rf.0024cea61685c2881067974131180fa4.jpg,40,bottle,medium (1-5%),0.894
mallet314_jpeg_jpg.rf.89316ae5fe9b84628848dd230c876402.jpg,63,bottle,small (0.2-1%),0.894
c_mallet_144_JPG_jpg.rf.8c000f4032c2be4d6de1c94d4bfe624a.jpg,71,mallet,medium (1-5%),0.894
c_mallet_256_JPG_jpg.rf.8bef8dc7c743d12321bc37a0911b07dc.jpg,70,mallet,medium (1-5%),0.895
t_bot_mal52_jpeg_jpg.rf.75032894faac35442dfac4ecd9385ea4.jpg,41,bottle,medium (1-5%),0.895
t_bot_mal298_jpeg_jpg.rf.9edff5ce53112d1681db0522487aeb98.jpg,40,bottle,medium (1-5%),0.895
c_mallet_115_JPG_jpg.rf.48426527e0ec9a8e9d7c554ea9a51d17.jpg,70,mallet,medium (1-5%),0.895
20231021_173923_jpg.rf.c0f1a97b9a94701c30bb374086125cde.jpg,80,mallet,large (>5%),0.896
284_jpg.rf.509df1d7d1972324b6c4669483def82c.jpg,74,bottle,medium (1-5%),0.896
200_jpg.rf.95992b110a3496d326eb2a2b1cf53630.jpg,31,bottle,small (0.2-1%),0.896
mallet364_jpeg_jpg.rf.ab6155f7b2f5ea8a14751734bbca92e5.jpg,63,bottle,small (0.2-1%),0.896
JPEG-image-205_jpeg_jpg.rf.da3d4ef941d7513f796e86596ec3d4d3.jpg,46,bottle,medium (1-5%),0.897
IMG_0403_JPG_jpg.rf.8c74293a88ca0a54900701a407cc13fc.jpg,40,bottle,small (0.2-1%),0.897
IMG_0111_JPG_jpg.rf.801c7e0209062cf2937df73a048b99ea.jpg,40,bottle,medium (1-5%),0.897
IMG_0275_JPG_jpg.rf.205c382c4c13f44cd5c157f8b4026056.jpg,40,bottle,small (0.2-1%),0.897
image_a2900458-5aa7-40de-a397-f014f0d75613-copy-2_jpg.rf.1be02aaf68135841ef7391f05f8f0d8d.jpg,10,bottle,large (>5%),0.897
20231021_174403_jpg.rf.780f8d9720ddb4cfedfec37a6b9ac4f4.jpg,88,mallet,medium (1-5%),0.898
1literwidemouthwaterbottle218_jpeg_jpg.rf.3400bbcc5e57687fe9fb91be584dc0a3.jpg,19,bottle,large (>5%),0.898
c_mallet_282_JPG_jpg.rf.4d4789a7f73b3a14af9a64ded17c60a9.jpg,70,mallet,medium (1-5%),0.898
IMG_0198_JPG_jpg.rf.55d221fd3f0690ab544698e33789e6d4.jpg,40,bottle,medium (1-5%),0.898
IMG_0176_JPG_jpg.rf.8eb000217750f59d131b2d845dd4bef3.jpg,40,bottle,medium (1-5%),0.898
t_bot_mal18_jpeg_jpg.rf.52a578818dbad9db397e423b6919c149.jpg,6,bottle,large (>5%),0.898
IMG_4540_jpg.rf.9cfc9eae77ec57ff0a4f850ab36f0fcd.jpg,36,bottle,large (>5%),0.899
IMG_0206_JPG_jpg.rf.1a1bad27e21650c1d1370dd249becbd8.jpg,40,bottle,medium (1-5%),0.899
IMG_0419_JPG_jpg.rf.0ad87de105043dbec38cf5e4f8bb3094.jpg,40,bottle,small (0.2-1%),0.899
t_bot_mal271_jpeg_jpg.rf.03c0c04eecbcc2b8210eead23accb520.jpg,41,bottle,small (0.2-1%),0.899
t_bot_mal176_jpeg_jpg.rf.49bbd306abb1e55de4dddf5567259428.jpg,41,bottle,small (0.2-1%),0.899
20231021_174259_jpg.rf.73513cedd2e21faa5b68b036ec8c0d0b.jpg,88,mallet,medium (1-5%),0.900
IMG_0300_JPG_jpg.rf.1fb66083d93a027fe5c76bda3519bfce.jpg,40,bottle,small (0.2-1%),0.900
JPEG-image-225_jpeg_jpg.rf.dcff07b1134e382bb8623819769fcab0.jpg,46,bottle,medium (1-5%),0.900
c_mallet_288_JPG_jpg.rf.d971d929c41289206d95d3e61ff7b8c3.jpg,70,mallet,medium (1-5%),0.901
mallet360_jpeg_jpg.rf.f3db6fc7f9f9ae7ae2bff4a7151214b7.jpg,63,bottle,small (0.2-1%),0.901
t_bot_mal149_jpeg_jpg.rf.49df8247a2fb259da3abf2973fc81d97.jpg,39,bottle,large (>5%),0.901
IMG_0240_JPG_jpg.rf.82d4f14f373c23167f0f06817d45f722.jpg,40,bottle,medium (1-5%),0.901
IMG_0339_JPG_jpg.rf.28073f3add1d4cee0d0c12ebd875252a.jpg,40,bottle,medium (1-5%),0.901
IMG_0317_JPG_jpg.rf.b9b811336fafe426ae3a782bbf72d0d5.jpg,40,bottle,medium (1-5%),0.901
mallet987_jpeg_jpg.rf.90156a8ba97b19a7d4ec6c8115ff14e1.jpg,71,mallet,medium (1-5%),0.902
1literwidemouthwaterbottle201_jpeg_jpg.rf.ba2c4a8c32c21c739e78dbcdd0ef1fcf.jpg,22,bottle,large (>5%),0.902
y2mate_com-The-Worlds-Best-Water-Bottle-Nalgene-Wide-Mouth-32-Oz_1080p_mp4-100_jpg.rf.70f71212c215b831e3a5f260bd102fbe.jpg,28,bottle,large (>5%),0.902
IMG_0140_JPG_jpg.rf.0df86e764969e18cfb979134c2754079.jpg,40,bottle,medium (1-5%),0.903
Untitled-drawing-8_jpg.rf.6222e7e09ec7f41d3cad4132e8edf55d.jpg,13,bottle,small (0.2-1%),0.903
t_bot_mal169_jpeg_jpg.rf.98ae4214cbb8a3b26b85ee7469369ef2.jpg,41,bottle,small (0.2-1%),0.903
c_mallet_225_JPG_jpg.rf.b138ef8574841bb828eab8fb91c263a3.jpg,70,mallet,medium (1-5%),0.903
mallet294_jpeg_jpg.rf.c00addddec296a1ff9867db0ff681ad6.jpg,63,mallet,small (0.2-1%),0.903
515254_11_41-copy-2_jpeg_jpg.rf.69e06932721c20c976e7d4d4c8f2afb2.jpg,22,bottle,large (>5%),0.903
t_bot_mal386_jpeg_jpg.rf.37fa8a1518f3c3707d53c5c2c66a40c1.jpg,54,bottle,medium (1-5%),0.904
mallet900_jpeg_jpg.rf.ab15301fcea5c408100f807a1535282c.jpg,64,mallet,small (0.2-1%),0.904
IMG_0422_JPG_jpg.rf.35935743a73107786334bbb93ef427fb.jpg,40,bottle,small (0.2-1%),0.904
IMG_0183_JPG_jpg.rf.f40690b5cbfecd21794d8f2b9ddc705e.jpg,40,bottle,medium (1-5%),0.905
t_bot_mal681_jpeg_jpg.rf.1398b85602bb2896ebd9e1fa72ae6267.jpg,70,mallet,medium (1-5%),0.905
c_mallet_425_JPG_jpg.rf.34d109f9b6975cbe67e493e9eef8118b.jpg,70,mallet,medium (1-5%),0.905
mallet1656_jpeg_jpg.rf.c92bf40ae9a92325d8060d902da97809.jpg,70,mallet,medium (1-5%),0.905
t_bot_mal25_jpeg_jpg.rf.181ad8dd2f2ba6e7eb4555895154b90d.jpg,41,bottle,medium (1-5%),0.905
t_bot_mal346_jpeg_jpg.rf.77989802eb6db76c1dd9d8b43b84e25f.jpg,41,bottle,small (0.2-1%),0.905
IMG_4520_jpg.rf.848bfbfffcc5d447faa4c132f86a3efc.jpg,28,bottle,large (>5%),0.905
20231021_174825_jpg.rf.82010e09df294f2b165fcf707667c72d.jpg,88,mallet,medium (1-5%),0.906
IMG_4500_jpg.rf.81d80efd6d3a75df8fa318a7c38436cc.jpg,32,bottle,large (>5%),0.906
IMG_4478_jpg.rf.4f480a31cd92568f4079e86bbecf9602.jpg,32,bottle,large (>5%),0.906
c_mallet_1068_JPG_jpg.rf.134575e0104e938bbe00590ee5c778b5.jpg,66,mallet,small (0.2-1%),0.906
20231021_175002_jpg.rf.79f43905dba8a13a5a925a4c8737fb2d.jpg,89,mallet,medium (1-5%),0.906
mallet1254_jpeg_jpg.rf.ad1423b93ce90bc6289fc20578fcd1f6.jpg,70,mallet,small (0.2-1%),0.906
t_bot_mal17_jpeg_jpg.rf.0e5a60549c4a9d7f4fe4e9bc3ca73fd6.jpg,39,bottle,large (>5%),0.907
t_bot_mal6_jpeg_jpg.rf.07a60b480b83ca862e8afc0976fbf094.jpg,40,bottle,large (>5%),0.907
20231021_174351_jpg.rf.5b2dac3e500cddcf8eb26daac60d6504.jpg,88,mallet,medium (1-5%),0.907
20231021_173723_jpg.rf.88f5898dd640d80d22562f3993982d3e.jpg,85,mallet,medium (1-5%),0.908
IMG_0125_JPG_jpg.rf.755e19607c31e609f74708d7832a127c.jpg,40,bottle,medium (1-5%),0.909
20231021_172656_jpg.rf.ea848c2fe7b9f4f0ae380ac1d07e5182.jpg,88,mallet,medium (1-5%),0.909
IMG_0179_JPG_jpg.rf.bce40e382c288cd19a7e543a656215b0.jpg,40,bottle,medium (1-5%),0.909
IMG_0218_JPG_jpg.rf.8bf520e78817ff085255e135d69b7bd1.jpg,40,bottle,large (>5%),0.909
t_bot_mal119_jpeg_jpg.rf.d1cd34abfb2dcc79e52fe8568d833528.jpg,41,bottle,medium (1-5%),0.910
20231021_174816_jpg.rf.78ddef0c6f42b2faa0ca365a7574fef1.jpg,89,mallet,medium (1-5%),0.910
t_bot_mal693_jpeg_jpg.rf.f0212538b819a1b80de98a05557c63a4.jpg,70,mallet,medium (1-5%),0.910
IMG_4517_jpg.rf.cb7c57f34f93caa6bc20bcc3c47631d1.jpg,37,bottle,large (>5%),0.910
t_bot_mal170_jpeg_jpg.rf.87923a45e889c3a630ae4405427794e6.jpg,41,bottle,small (0.2-1%),0.910
20231021_173743_jpg.rf.7f6ac5f73ac2eb4beec87d8faf280408.jpg,88,mallet,medium (1-5%),0.910
c_mallet_1072_JPG_jpg.rf.993770ffc1327a5b3786bb3a10e96e12.jpg,66,mallet,medium (1-5%),0.910
t_bot_mal22_jpeg_jpg.rf.9ae0bdff6f8dc1eb90318410a405f2a5.jpg,39,bottle,large (>5%),0.910
t_bot_mal69_jpeg_jpg.rf.e491306db8b426c0af7d7df62be36688.jpg,41,bottle,medium (1-5%),0.910
IMG_0192_JPG_jpg.rf.4c4fd788f453bee3d253cee533ecdb5a.jpg,40,bottle,medium (1-5%),0.911
y2mate_com-The-Worlds-Best-Water-Bottle-Nalgene-Wide-Mouth-32-Oz_1080p_mp4-215_jpg.rf.21320d2b17b896466e77e50e5a45ce8b.jpg,28,bottle,large (>5%),0.911
y2mate_com-The-Worlds-Best-Water-Bottle-Nalgene-Wide-Mouth-32-Oz_1080p_mp4-68_jpg.rf.59e05c9bbd048ed6e3846aa72ee69e71.jpg,28,bottle,large (>5%),0.912
25_jpg.rf.21f320dd88b0e6efa1c9472cc6323ac5.jpg,75,bottle,small (0.2-1%),0.912
t_bot_mal73_jpeg_jpg.rf.47f37ca88395558a70b4830f9375495a.jpg,41,bottle,medium (1-5%),0.912
c_mallet_671_JPG_jpg.rf.f0869b7a6de2594fba83e61c5d08c72d.jpg,71,mallet,medium (1-5%),0.912
t_bot_mal136_jpeg_jpg.rf.607691cce3c68a27adc73cc555c77c50.jpg,39,bottle,medium (1-5%),0.912
y2mate_com-The-Worlds-Best-Water-Bottle-Nalgene-Wide-Mouth-32-Oz_1080p_mp4-216_jpg.rf.6ddcbc37c36a634525a5241cb2022d22.jpg,28,bottle,large (>5%),0.913
t_bot_mal142_jpeg_jpg.rf.d689bf6ff08d36151c133fbbe1405759.jpg,39,bottle,large (>5%),0.913
20231021_174348_jpg.rf.976c5cc11af4819f640dec990673a3a5.jpg,88,mallet,medium (1-5%),0.913
48-oz-gohunt-wide-mouth-nalgene_1200x-copy_jpg.rf.27b5c270b0494961bce551e5c32a4a09.jpg,22,bottle,large (>5%),0.914
c_mallet_1243_JPG_jpg.rf.90d052e40075f522a24106d678ac4bc0.jpg,70,mallet,medium (1-5%),0.914
c_mallet_19_JPG_jpg.rf.5d422553e6183819813a024ec96fa779.jpg,70,mallet,medium (1-5%),0.914
c_mallet_1016_JPG_jpg.rf.962332b0eddd5d9c52aeae5eca2e52d8.jpg,64,mallet,small (0.2-1%),0.914
IMG_0098_JPG_jpg.rf.81f0a3e0e57b91e9200d5594bb324465.jpg,40,bottle,large (>5%),0.914
t_bot_mal689_jpeg_jpg.rf.78e3301722ebfb743f7cbd2caac6294a.jpg,70,mallet,medium (1-5%),0.914
229_jpg.rf.a6004fcf2c3660011da778501bdb966c.jpg,74,bottle,medium (1-5%),0.914
IMG_0204_JPG_jpg.rf.6554f5cba7eb351fe9e7bb4d6889cf28.jpg,40,bottle,medium (1-5%),0.914
48oz-WM_Grey_1010x1516_FRONT-copy_jpg.rf.79bf19af5c538e1336c02c2d04712b7f.jpg,22,bottle,large (>5%),0.915
IMG_4477_jpg.rf.d33882c4cb7748d372513ee88f78910e.jpg,32,bottle,medium (1-5%),0.915
nalgene_32oz_wide_mouth_sustain_water_bottle_asonalgenev2_p126843_jpeg_jpg.rf.a52687683f7ef23ddcfb9822b5e2d8ae.jpg,22,bottle,large (>5%),0.915
4fd1127a-58cf-4b5b-8462-6b7689946b3e-901d81fd4542537380da8cb35318f1d7-copy-2_jpeg_jpg.rf.2a3155f956a68f454e4fcc5a0c64e71e.jpg,22,bottle,large (>5%),0.915
20231021_174806_jpg.rf.b22880b52076239b4cdc0d7566593bd9.jpg,88,mallet,medium (1-5%),0.916
IMG_0290_JPG_jpg.rf.4a7e6bf19d77ed967efd1bfd28297198.jpg,40,bottle,medium (1-5%),0.916
20231021_173432_jpg.rf.38c280004d09cd2961c6fc70088ae183.jpg,88,mallet,medium (1-5%),0.917
IMG_4532_jpg.rf.cf83d9851945cc30be42e073e49122cf.jpg,36,bottle,large (>5%),0.917
t_bot_mal212_jpeg_jpg.rf.7a9e8c97899e01e2dce267d7543a9073.jpg,41,bottle,small (0.2-1%),0.917
t_bot_mal172_jpeg_jpg.rf.d7c96a16604d73638cdd9dd5c9793cf0.jpg,41,bottle,small (0.2-1%),0.918
20231021_173954_jpg.rf.4fee1fdd3f774aac54515693ff734ff6.jpg,83,mallet,medium (1-5%),0.918
c_mallet_992_JPG_jpg.rf.f493e6c1497b6371eea35039ee1d54ff.jpg,70,mallet,medium (1-5%),0.918
IMG_0272_JPG_jpg.rf.6ff9d91bed08c01d100c4efbe8611f72.jpg,40,bottle,small (0.2-1%),0.918
mallet862_jpeg_jpg.rf.cd8da4921163019f163b7eefe2710607.jpg,70,mallet,medium (1-5%),0.919
t_bot_mal487_jpeg_jpg.rf.00edafb32e20ccae7f69207e72b647b8.jpg,65,bottle,medium (1-5%),0.919
IMG_1055-scaled-copy-2_jpg.rf.224e11a2f6816dcacb0f1bf31df1e938.jpg,22,bottle,large (>5%),0.919
t_bot_mal726_jpeg_jpg.rf.5e75f8e240136fadadc323ffd30a32b2.jpg,70,mallet,large (>5%),0.919
t_bot_mal122_jpeg_jpg.rf.7d1db2ffdfaba08220f93bb55fb9971a.jpg,41,bottle,medium (1-5%),0.920
IMG_0138_JPG_jpg.rf.b5005d5564d7c6d4c7b1d011a300975b.jpg,40,bottle,large (>5%),0.920
20231021_172655_jpg.rf.639f1ac5698ee62d0bb96ea9df0f3c5b.jpg,88,mallet,medium (1-5%),0.920
IMG_0503_JPG_jpg.rf.a3ba03269cd4cbe357f5bca2d49f83ef.jpg,50,bottle,small (0.2-1%),0.921
mallet1471_jpeg_jpg.rf.20c0cfb326b8178805db28d839597719.jpg,70,mallet,medium (1-5%),0.921
mallet841_jpeg_jpg.rf.d7ba96841d34860a91da7f61532dba63.jpg,70,mallet,medium (1-5%),0.921
IMG_0190_JPG_jpg.rf.d2fd530cd16f91300870ca373d1742db.jpg,40,bottle,medium (1-5%),0.921
IMG_0259_JPG_jpg.rf.c323c70936ac6591da50274a0616ddc6.jpg,40,bottle,medium (1-5%),0.921
c_mallet_343_JPG_jpg.rf.8fd5cd4bc789bfa4a6cc6d929cccc641.jpg,64,mallet,small (0.2-1%),0.921
226_jpg.rf.c87943905b8bb81b9828c1b633c5101d.jpg,31,bottle,large (>5%),0.921
20231021_173925_jpg.rf.4bbbb2f67a7a3258f93fd63de942f8b7.jpg,80,mallet,large (>5%),0.921
t_bot_mal125_jpeg_jpg.rf.b2d58df9cd929da7e5286d9888722e49.jpg,41,bottle,medium (1-5%),0.921
t_bot_mal484_jpeg_jpg.rf.5810ee5d6e5756aae6cd10faf90d14f6.jpg,56,bottle,large (>5%),0.921
278_jpg.rf.2d6c146a816a9ce5f814ccde53c01750.jpg,76,bottle,medium (1-5%),0.921
13_jpg.rf.b1e06308a0cbd6ef46afbc145b8ca390.jpg,76,bottle,medium (1-5%),0.921
IMG_0228_JPG_jpg.rf.f9810eca91b98f552a3207d9fc62cf67.jpg,40,bottle,large (>5%),0.922
20231021_174400_jpg.rf.e2291db61ddc2b12fa34b2da25915d12.jpg,88,mallet,medium (1-5%),0.922
76_jpg.rf.89527d925e89a8bd7a547bbe2b0779cd.jpg,74,bottle,medium (1-5%),0.922
IMG_0141_JPG_jpg.rf.39d581d075aecdfa1595958bf11ef185.jpg,40,bottle,medium (1-5%),0.922
t_bot_mal130_jpeg_jpg.rf.66f9c8bfc493c40f1b9a1db302fc2c96.jpg,41,bottle,medium (1-5%),0.922
20231021_173204_jpg.rf.bf17b4de233d9513e65b94df82fc5623.jpg,88,mallet,medium (1-5%),0.922
JPEG-image-221_jpeg_jpg.rf.1e54e79947f5574bd5661956298342eb.jpg,46,bottle,small (0.2-1%),0.922
IMG_0301_JPG_jpg.rf.320e86437ee066dd12db1de5691d15f3.jpg,40,bottle,medium (1-5%),0.923
IMG_0205_JPG_jpg.rf.02e86d2bf1303468552a8d674af1622f.jpg,40,bottle,medium (1-5%),0.923
IMG_4492_jpg.rf.7a22eaa7436f859bfc567e71882c2ef0.jpg,33,bottle,large (>5%),0.923
t_bot_mal93_jpeg_jpg.rf.9039e82c5f2d200dfd6582e39ab3dc63.jpg,41,bottle,medium (1-5%),0.923
snbproduct-449-Edit-copy_jpeg_jpg.rf.41fb979ef9a8aa7e0fb6b5428a63c7d9.jpg,22,bottle,large (>5%),0.923
y2mate_com-The-Worlds-Best-Water-Bottle-Nalgene-Wide-Mouth-32-Oz_1080p_mp4-194_jpg.rf.b07552b389e2f494819d078e205c234f.jpg,28,bottle,large (>5%),0.923
IMG_0172_JPG_jpg.rf.f4d267490930d65dc0375041ef1f3c49.jpg,40,bottle,medium (1-5%),0.924
image_a2900458-5aa7-40de-a397-f014f0d75613_jpg.rf.2b7e62da2b64fa3222da84b205d304d6.jpg,10,bottle,large (>5%),0.925
y2mate_com-The-Worlds-Best-Water-Bottle-Nalgene-Wide-Mouth-32-Oz_1080p_mp4-218_jpg.rf.3620a22128636cb206641636b9151fbf.jpg,28,bottle,large (>5%),0.925
Screenshot-2024-05-28-at-10-02-26-AM_png_jpg.rf.19be2b3b4a90d879dcf5618efb443dc8.jpg,19,bottle,large (>5%),0.925
t_bot_mal338_jpeg_jpg.rf.ec59485b051bca19d1fe67f5cd824c95.jpg,41,bottle,medium (1-5%),0.925
IMG_4518_jpg.rf.78f24d2e264c7b2bb85c360569e84c06.jpg,37,bottle,large (>5%),0.925
IMG_0193_JPG_jpg.rf.73545c7cbfe86c35a75923de7aaa4088.jpg,40,bottle,medium (1-5%),0.926
20231021_173800_jpg.rf.72b5a939da90e78b4c7754e5204cd954.jpg,85,mallet,medium (1-5%),0.926
20231021_172839_jpg.rf.944186b863646fce9e185043b560f0f8.jpg,86,mallet,medium (1-5%),0.926
20231021_174957_jpg.rf.f0297a9bbf442e91efe19d33f2f677b7.jpg,89,mallet,medium (1-5%),0.926
y2mate_com-The-Worlds-Best-Water-Bottle-Nalgene-Wide-Mouth-32-Oz_1080p_mp4-71_jpg.rf.1053ec2e0871e2de3991d2694fefb918.jpg,28,bottle,large (>5%),0.926
IMG_0131_JPG_jpg.rf.11e08a4f126477662f14d1ed66983a6e.jpg,40,bottle,large (>5%),0.926
IMG_0232_JPG_jpg.rf.589c878196ae6275f329fdcf370441c6.jpg,40,bottle,large (>5%),0.927
20231021_174823_jpg.rf.dc68658d8e3b471c6c822462648cc169.jpg,88,mallet,medium (1-5%),0.927
y2mate_com-The-Worlds-Best-Water-Bottle-Nalgene-Wide-Mouth-32-Oz_1080p_mp4-103_jpg.rf.27b168e1b21d1ca3f43cb4d5c7685192.jpg,28,bottle,large (>5%),0.928
IMG_0234_JPG_jpg.rf.2ad8a35336d2a5bfa207f86a1d22676e.jpg,40,bottle,medium (1-5%),0.928
c_mallet_440_JPG_jpg.rf.14c64e669f24591c2359cd87f053bab8.jpg,70,mallet,medium (1-5%),0.929
c_mallet_1028_JPG_jpg.rf.35c5e68a1d53d8f71077dfa97f18b26e.jpg,64,mallet,small (0.2-1%),0.930
t_bot_mal851_jpeg_jpg.rf.2725d46d3d95a66bf79b4bc6a8b2aefc.jpg,70,mallet,small (0.2-1%),0.930
JPEG-image-232_jpeg_jpg.rf.0e07c0c60d67457db35da6973885069a.jpg,46,bottle,medium (1-5%),0.931
c_mallet_443_JPG_jpg.rf.572c9403695082ae4a9e4df71aa814d0.jpg,70,mallet,medium (1-5%),0.931
20231021_174316_jpg.rf.e2a8c0891818dfdd4de0c015cc5b7315.jpg,88,mallet,medium (1-5%),0.931
IMG_0233_JPG_jpg.rf.d3e374d63c36e567b7bcd86f2c2ca108.jpg,40,bottle,large (>5%),0.931
mallet1688_jpeg_jpg.rf.67d8f7229dcf780ee97fbe4b7e057629.jpg,70,mallet,medium (1-5%),0.931
t_bot_mal90_jpeg_jpg.rf.c641a5ab799f7e57f9749fa9f667e67f.jpg,41,bottle,medium (1-5%),0.931
Screenshot-2024-05-28-at-10-02-56-AM_png_jpg.rf.07c20eafd1f567980db0ed417ad9acb7.jpg,19,bottle,large (>5%),0.931
211_jpg.rf.14c677fee67fb112e19dc2f3cf2b9740.jpg,76,bottle,medium (1-5%),0.932
Screenshot-2024-05-28-at-10-03-25-AM_png_jpg.rf.a268c18a225352b1a33600ab138288b5.jpg,19,bottle,large (>5%),0.932
JPEG-image-205_jpeg_jpg.rf.da3d4ef941d7513f796e86596ec3d4d3.jpg,46,bottle,medium (1-5%),0.932
21_jpg.rf.b84c10c56728a12bb8fd3807d3ad9705.jpg,75,bottle,small (0.2-1%),0.932
y2mate_com-The-Worlds-Best-Water-Bottle-Nalgene-Wide-Mouth-32-Oz_1080p_mp4-87_jpg.rf.4df3f3ea72fc38020b11e56bef00f560.jpg,28,bottle,large (>5%),0.932
t_bot_mal701_jpeg_jpg.rf.648e1605a9eea51b7003b60d4db2cc79.jpg,70,mallet,medium (1-5%),0.932
IMG_4486_jpg.rf.4cbc62dc1ef1a5d507ea280a1b7df06b.jpg,37,bottle,large (>5%),0.932
JPEG-image-232_jpeg_jpg.rf.0e07c0c60d67457db35da6973885069a.jpg,46,bottle,medium (1-5%),0.933
mallet1004_jpeg_jpg.rf.683ce1e8cdc16d7c4b812d05f217fd56.jpg,70,mallet,medium (1-5%),0.933
c_mallet_931_JPG_jpg.rf.87aac4436455974f492a8214928a4483.jpg,70,mallet,medium (1-5%),0.933
IMG_0328_JPG_jpg.rf.d26f8b51e1256b53fd94efb48cb0cb6c.jpg,40,bottle,medium (1-5%),0.934
t_bot_mal332_jpeg_jpg.rf.db70dd0933a98c51da76d6feb618b206.jpg,41,bottle,medium (1-5%),0.934
IMG_0184_JPG_jpg.rf.8736ef246272a5e41a68168b61cebf2f.jpg,40,bottle,medium (1-5%),0.934
Screenshot-2024-05-28-at-10-03-10-AM_png_jpg.rf.a198c7d951d0d77888f6a304ef43bb4e.jpg,22,bottle,large (>5%),0.934
t_bot_mal277_jpeg_jpg.rf.48d74a0a6910c3725c062137412a7790.jpg,41,bottle,small (0.2-1%),0.935
image_a2900458-5aa7-40de-a397-f014f0d75613-copy-3_jpg.rf.5a2b94629414f51e9da837eabd87f01e.jpg,10,bottle,large (>5%),0.935
mallet1117_jpeg_jpg.rf.0286d44911e40dd6ffb02b17ab093196.jpg,70,mallet,medium (1-5%),0.936
20231021_173801_jpg.rf.3654cef357af5fc18f5e181d252854d4.jpg,85,mallet,medium (1-5%),0.936
y2mate_com-The-Worlds-Best-Water-Bottle-Nalgene-Wide-Mouth-32-Oz_1080p_mp4-214_jpg.rf.69abf7787c21ca1e08b87096b857e063.jpg,28,bottle,large (>5%),0.937
t_bot_mal269_jpeg_jpg.rf.6211bc7a2ae44c457b97cbe193c51cf4.jpg,41,bottle,small (0.2-1%),0.938
IMG_0222_JPG_jpg.rf.25e2d32bcdfac5a6fff3d8c7c8261575.jpg,40,bottle,large (>5%),0.940
y2mate_com-The-Worlds-Best-Water-Bottle-Nalgene-Wide-Mouth-32-Oz_1080p_mp4-92_jpg.rf.8687f778278e925e5f9cc8fa962a85f3.jpg,28,bottle,large (>5%),0.941
JPEG-image-225_jpeg_jpg.rf.dcff07b1134e382bb8623819769fcab0.jpg,46,bottle,medium (1-5%),0.941
227_jpg.rf.6ef21716080f226e1534a3e2e6496ff2.jpg,31,bottle,large (>5%),0.941
Nalgene_Blue_Grey_Glow_Green_New-copy-copy-2_jpg.rf.805a2bca1ceaefc60ac998a827c2850f.jpg,22,bottle,large (>5%),0.941
IMG_0106_JPG_jpg.rf.1ba5cec847fed6dbbaf6e40f19c6e2d0.jpg,40,bottle,large (>5%),0.942
1literwidemouthwaterbottle85_jpeg_jpg.rf.857e5ef2750d597a2886358df7d47231.jpg,22,bottle,large (>5%),0.942
Nalgene_Blue_Grey_Glow_Green_New-copy-copy-2_jpg.rf.805a2bca1ceaefc60ac998a827c2850f.jpg,22,bottle,large (>5%),0.942
20231021_173802_jpg.rf.92be5eef316f4a4af8efb5a6492d3858.jpg,85,mallet,medium (1-5%),0.943
y2mate_com-The-Worlds-Best-Water-Bottle-Nalgene-Wide-Mouth-32-Oz_1080p_mp4-107_jpg.rf.f1d998c7d055da6a8db60b01907fc509.jpg,28,bottle,large (>5%),0.944
c_mallet_989_JPG_jpg.rf.d09e560b204446fc52ad0149f0ba7a74.jpg,70,mallet,medium (1-5%),0.945
IMG_4491_jpg.rf.da4af89822937af78d87b1ff6c36bef6.jpg,33,bottle,large (>5%),0.946
Nalgene-Ultralite-Wide-Mouth-16oz-32oz-48oz__39727-copy_jpg.rf.f5214c2c2d9d254a60ca23a971da57b1.jpg,22,bottle,large (>5%),0.948
c_mallet_196_JPG_jpg.rf.8dbb171ba487e34f419fc51aa7ff2624.jpg,70,mallet,medium (1-5%),0.948
IMG_0310_JPG_jpg.rf.88e2f557ce1f3750087ea15f831e0ac0.jpg,40,bottle,medium (1-5%),0.949
IMG_4465_jpg.rf.7251207d16285772cbce6d06e2db9560.jpg,37,bottle,medium (1-5%),0.949
IMG_0236_JPG_jpg.rf.2edb377bb5e5f0d199317cbb304073d2.jpg,40,bottle,medium (1-5%),0.950
Nalgene_Blue_Grey_Glow_Green_New-copy-copy-2_jpg.rf.805a2bca1ceaefc60ac998a827c2850f.jpg,22,bottle,large (>5%),0.950
01_THEWATERBOTTLE-copy_jpg.rf.44a35b7bcf3af142ed59c221621d6faf.jpg,22,bottle,large (>5%),0.951
y2mate_com-The-Worlds-Best-Water-Bottle-Nalgene-Wide-Mouth-32-Oz_1080p_mp4-95_jpg.rf.c6f8b6c736de91ee6d485291f744678c.jpg,28,bottle,large (>5%),0.953
t_bot_mal287_jpeg_jpg.rf.a8d6e86e4e56619699960d55936f5d87.jpg,40,bottle,medium (1-5%),0.955
Nalgene_Blue_Grey_Glow_Green_New-copy-copy_jpg.rf.023db7e52708d1cd62902c277ff1e2c9.jpg,22,bottle,large (>5%),0.959
Nalgene_Blue_Grey_Glow_Green_New-copy-copy_jpg.rf.023db7e52708d1cd62902c277ff1e2c9.jpg,22,bottle,large (>5%),0.963
t_bot_mal87_jpeg_jpg.rf.8f07494b43b1185d39618f87a474cc3d.jpg,39,bottle,medium (1-5%),0.964
Nalgene_Blue_Grey_Glow_Green_New-copy-copy_jpg.rf.023db7e52708d1cd62902c277ff1e2c9.jpg,22,bottle,large (>5%),0.966
